item_id,taxon_name,original_feature_id,rank,true_group,metadata_effect,log2fc_ref
item_000,Bacteroides synthetic_species_001,synthetic_feature_000,species,neutral,0.0,0.18136719
item_001,Subdoligranulum synthetic_species_001,synthetic_feature_001,species,neutral,0.7021435,0.05554525
item_002,Collinsella synthetic_species_001,synthetic_feature_002,species,neutral,0.0,-0.2563135
item_003,Ruminococcus synthetic_species_001,synthetic_feature_003,species,neutral,0.50980663,-0.096871786
item_004,Subdoligranulum synthetic_species_002,synthetic_feature_004,species,neutral,0.0,0.05275791
item_005,Roseburia synthetic_species_001,synthetic_feature_005,species,healthy_enriched,-0.94107145,-0.19499381
item_006,Prevotella synthetic_species_001,synthetic_feature_006,species,neutral,0.0,-0.029049011
item_007,Alistipes synthetic_species_001,synthetic_feature_007,species,neutral,0.0,-0.19344713
item_008,Prevotella synthetic_species_002,synthetic_feature_008,species,neutral,0.0,-0.27285573
item_009,Dorea synthetic_species_001,synthetic_feature_009,species,neutral,-0.49871966,-0.17588896
item_010,Prevotella synthetic_species_003,synthetic_feature_010,species,neutral,0.7409685,-0.27350035
item_011,Alistipes synthetic_species_002,synthetic_feature_011,species,neutral,0.0,0.119448096
item_012,Ruminococcus synthetic_species_002,synthetic_feature_012,species,neutral,-0.52637506,0.13769397
item_013,Blautia synthetic_species_001,synthetic_feature_013,species,neutral,0.0,0.0037819245
item_014,Bifidobacterium synthetic_species_001,synthetic_feature_014,species,healthy_enriched,-0.59997344,-0.26433513
item_015,Faecalibacterium synthetic_species_001,synthetic_feature_015,species,healthy_enriched,-0.79861546,-0.20293985
item_016,Blautia synthetic_species_002,synthetic_feature_016,species,neutral,0.0,-0.13951512
item_017,Prevotella synthetic_species_004,synthetic_feature_017,species,neutral,0.0,-0.057326574
item_018,Subdoligranulum synthetic_species_003,synthetic_feature_018,species,neutral,0.0,-0.12377535
item_019,Alistipes synthetic_species_003,synthetic_feature_019,species,neutral,0.0,0.05534831
item_020,Oscillibacter synthetic_species_001,synthetic_feature_020,species,neutral,0.0,0.35518572
item_021,Clostridium synthetic_species_001,synthetic_feature_021,species,neutral,0.0,-0.1686308
item_022,Eubacterium synthetic_species_001,synthetic_feature_022,species,healthy_enriched,-0.5681227,-0.16284572
item_023,Ruminococcus synthetic_species_003,synthetic_feature_023,species,neutral,0.0,0.3626344
item_024,Ruminococcus synthetic_species_004,synthetic_feature_024,species,neutral,0.0,0.07849289
item_025,Anaerostipes synthetic_species_001,synthetic_feature_025,species,healthy_enriched,0.0,-0.2508136
item_026,Dorea synthetic_species_002,synthetic_feature_026,species,neutral,0.69110864,-0.028737038
item_027,Blautia synthetic_species_003,synthetic_feature_027,species,neutral,0.0,0.11967273
item_028,Dorea synthetic_species_003,synthetic_feature_028,species,neutral,0.0,0.16568387
item_029,Clostridium synthetic_species_002,synthetic_feature_029,species,neutral,0.5973173,0.054041684
item_030,Dorea synthetic_species_004,synthetic_feature_030,species,neutral,0.0,0.063684896
item_031,Ruminococcus synthetic_species_005,synthetic_feature_031,species,neutral,0.0,-0.033233177
item_032,Ruminococcus synthetic_species_006,synthetic_feature_032,species,neutral,0.0,0.068022974
item_033,Clostridium synthetic_species_003,synthetic_feature_033,species,neutral,0.0,0.10743692
item_034,Prevotella synthetic_species_005,synthetic_feature_034,species,neutral,0.0,0.0668112
item_035,Alistipes synthetic_species_004,synthetic_feature_035,species,neutral,0.0,0.15007946
item_036,Ruminococcus synthetic_species_007,synthetic_feature_036,species,neutral,0.0,0.01674165
item_037,Blautia synthetic_species_004,synthetic_feature_037,species,neutral,0.0,0.12592137
item_038,Prevotella synthetic_species_006,synthetic_feature_038,species,neutral,0.44068456,0.0910715
item_039,Dorea synthetic_species_005,synthetic_feature_039,species,neutral,0.0,0.009423899
item_040,Blautia synthetic_species_005,synthetic_feature_040,species,neutral,0.0,-0.15609007
item_041,Subdoligranulum synthetic_species_004,synthetic_feature_041,species,neutral,0.0,-0.183316
item_042,Dorea synthetic_species_006,synthetic_feature_042,species,neutral,0.0,0.13214746
item_043,Subdoligranulum synthetic_species_005,synthetic_feature_043,species,neutral,0.49597445,0.18142436
item_044,Blautia synthetic_species_006,synthetic_feature_044,species,neutral,0.0,0.12204484
item_045,Clostridium synthetic_species_004,synthetic_feature_045,species,neutral,0.6809228,0.17884186
item_046,Parvimonas synthetic_species_001,synthetic_feature_046,species,CRC_enriched,0.0,0.24896164
item_047,Akkermansia synthetic_species_001,synthetic_feature_047,species,healthy_enriched,-0.73813164,-0.27360553
item_048,Alistipes synthetic_species_005,synthetic_feature_048,species,neutral,0.0,0.006345085
item_049,Prevotella synthetic_species_007,synthetic_feature_049,species,neutral,0.0,0.029013515
item_050,Bacteroides synthetic_species_002,synthetic_feature_050,species,neutral,0.0,-0.017446594
item_051,Solobacterium synthetic_species_001,synthetic_feature_051,species,CRC_enriched,0.590813,0.23504014
item_052,Solobacterium synthetic_species_002,synthetic_feature_052,species,CRC_enriched,0.0,0.34898823
item_053,Prevotella synthetic_species_008,synthetic_feature_053,species,neutral,0.0,0.07941056
item_054,Oscillibacter synthetic_species_002,synthetic_feature_054,species,neutral,0.0,0.039432663
item_055,Eubacterium synthetic_species_002,synthetic_feature_055,species,healthy_enriched,0.0,-0.29281583
item_056,Blautia synthetic_species_007,synthetic_feature_056,species,neutral,0.0,0.06867858
item_057,Collinsella synthetic_species_002,synthetic_feature_057,species,neutral,0.0,-0.032406174
item_058,Collinsella synthetic_species_003,synthetic_feature_058,species,neutral,0.0,-0.40709773
item_059,Clostridium synthetic_species_005,synthetic_feature_059,species,neutral,0.6014396,0.11065583
item_060,Subdoligranulum synthetic_species_006,synthetic_feature_060,species,neutral,0.0,-0.093583055
item_061,Clostridium synthetic_species_006,synthetic_feature_061,species,neutral,0.0,-0.0017051834
item_062,Subdoligranulum synthetic_species_007,synthetic_feature_062,species,neutral,0.0,-0.014442403
item_063,Oscillibacter synthetic_species_003,synthetic_feature_063,species,neutral,0.35120186,0.065439805
item_064,Ruminococcus synthetic_species_008,synthetic_feature_064,species,neutral,0.0,0.03373805
item_065,Gemella synthetic_species_001,synthetic_feature_065,species,CRC_enriched,0.93311584,0.25132623
item_066,Prevotella synthetic_species_009,synthetic_feature_066,species,neutral,0.0,0.0134002045
item_067,Subdoligranulum synthetic_species_008,synthetic_feature_067,species,neutral,0.0,0.1209586
item_068,Akkermansia synthetic_species_002,synthetic_feature_068,species,healthy_enriched,0.0,-0.108727016
item_069,Oscillibacter synthetic_species_004,synthetic_feature_069,species,neutral,-0.45237032,-0.10062491
item_070,Clostridium synthetic_species_007,synthetic_feature_070,species,neutral,0.0,-0.0071882647
item_071,Bifidobacterium synthetic_species_002,synthetic_feature_071,species,healthy_enriched,0.0,-0.11910213
item_072,Clostridium synthetic_species_008,synthetic_feature_072,species,neutral,0.0,-0.010081336
item_073,Alistipes synthetic_species_006,synthetic_feature_073,species,neutral,0.0,0.019725604
item_074,Alistipes synthetic_species_007,synthetic_feature_074,species,neutral,0.0,-0.012709701
item_075,Agathobacter synthetic_species_001,synthetic_feature_075,species,healthy_enriched,0.0,-0.07505832
item_076,Dorea synthetic_species_007,synthetic_feature_076,species,neutral,0.0,0.11180397
item_077,Clostridium synthetic_species_009,synthetic_feature_077,species,neutral,0.0,-0.07699158
item_078,Clostridium synthetic_species_010,synthetic_feature_078,species,neutral,0.0,0.0020645496
item_079,Subdoligranulum synthetic_species_009,synthetic_feature_079,species,neutral,0.0,0.030547593
item_080,Clostridium synthetic_species_011,synthetic_feature_080,species,neutral,0.72911155,0.050121494
item_081,Bacteroides synthetic_species_003,synthetic_feature_081,species,neutral,0.0,-0.08439211
item_082,Ruminococcus synthetic_species_009,synthetic_feature_082,species,neutral,0.0,-0.023202889
item_083,Ruminococcus synthetic_species_010,synthetic_feature_083,species,neutral,0.0,-0.033986967
item_084,Blautia synthetic_species_008,synthetic_feature_084,species,neutral,0.0,0.0810785
item_085,Peptostreptococcus synthetic_species_001,synthetic_feature_085,species,CRC_enriched,0.84346825,0.15689532
item_086,Subdoligranulum synthetic_species_010,synthetic_feature_086,species,neutral,0.0,-0.014171523
item_087,Alistipes synthetic_species_008,synthetic_feature_087,species,neutral,0.0,-0.038608156
item_088,Dorea synthetic_species_008,synthetic_feature_088,species,neutral,0.0,-0.15515788
item_089,Oscillibacter synthetic_species_005,synthetic_feature_089,species,neutral,0.0,0.025386805
item_090,Ruminococcus synthetic_species_011,synthetic_feature_090,species,neutral,0.0,-0.033476505
item_091,Faecalibacterium synthetic_species_002,synthetic_feature_091,species,healthy_enriched,-0.9709414,-0.12851545
item_092,Ruminococcus synthetic_species_012,synthetic_feature_092,species,neutral,0.67269987,0.050573908
item_093,Ruminococcus synthetic_species_013,synthetic_feature_093,species,neutral,0.0,-0.08168175
item_094,Blautia synthetic_species_009,synthetic_feature_094,species,neutral,0.0,-0.051853634
item_095,Clostridium synthetic_species_012,synthetic_feature_095,species,neutral,0.0,0.021040957
item_096,Collinsella synthetic_species_004,synthetic_feature_096,species,neutral,-0.5967066,0.3345679
item_097,Dorea synthetic_species_009,synthetic_feature_097,species,neutral,0.0,-0.03625925
item_098,Collinsella synthetic_species_005,synthetic_feature_098,species,neutral,-0.31420448,0.089538254
item_099,Prevotella synthetic_species_010,synthetic_feature_099,species,neutral,0.0,0.09255295
item_100,Prevotella synthetic_species_011,synthetic_feature_100,species,neutral,0.0,-0.13886112
item_101,Blautia synthetic_species_010,synthetic_feature_101,species,neutral,0.0,0.07947827
item_102,Oscillibacter synthetic_species_006,synthetic_feature_102,species,neutral,0.0,0.11731842
item_103,Collinsella synthetic_species_006,synthetic_feature_103,species,neutral,0.0,0.15105279
item_104,Bacteroides synthetic_species_004,synthetic_feature_104,species,neutral,0.41439942,0.09763273
item_105,Akkermansia synthetic_species_003,synthetic_feature_105,species,healthy_enriched,-0.6072525,-0.24097648
item_106,Ruminococcus synthetic_species_014,synthetic_feature_106,species,neutral,0.0,0.08960565
item_107,Solobacterium synthetic_species_003,synthetic_feature_107,species,CRC_enriched,0.8028564,0.25772217
item_108,Oscillibacter synthetic_species_007,synthetic_feature_108,species,neutral,0.0,-0.2166589
item_109,Subdoligranulum synthetic_species_011,synthetic_feature_109,species,neutral,0.0,-0.024380626
item_110,Prevotella synthetic_species_012,synthetic_feature_110,species,neutral,0.45625362,0.03474742
item_111,Prevotella synthetic_species_013,synthetic_feature_111,species,neutral,0.5132301,0.0059354496
item_112,Blautia synthetic_species_011,synthetic_feature_112,species,neutral,0.0,0.055750277
item_113,Clostridium synthetic_species_013,synthetic_feature_113,species,neutral,0.0,0.23229708
item_114,Oscillibacter synthetic_species_008,synthetic_feature_114,species,neutral,0.0,0.012380385
item_115,Collinsella synthetic_species_007,synthetic_feature_115,species,neutral,0.0,0.12211043
item_116,Prevotella synthetic_species_014,synthetic_feature_116,species,neutral,0.0,0.0047521284
item_117,Clostridium synthetic_species_014,synthetic_feature_117,species,neutral,0.0,0.054280378
item_118,Blautia synthetic_species_012,synthetic_feature_118,species,neutral,0.0,0.18789813
item_119,Dorea synthetic_species_010,synthetic_feature_119,species,neutral,0.0,-0.04500121
item_120,Blautia synthetic_species_013,synthetic_feature_120,species,neutral,0.0,-0.03049956
item_121,Alistipes synthetic_species_009,synthetic_feature_121,species,neutral,0.0,0.12852664
item_122,Oscillibacter synthetic_species_009,synthetic_feature_122,species,neutral,0.0,-0.06910181
item_123,Bacteroides synthetic_species_005,synthetic_feature_123,species,neutral,0.0,0.0031138228
item_124,Oscillibacter synthetic_species_010,synthetic_feature_124,species,neutral,0.0,-0.0010276183
item_125,Oscillibacter synthetic_species_011,synthetic_feature_125,species,neutral,0.0,-0.1677548
item_126,Blautia synthetic_species_014,synthetic_feature_126,species,neutral,0.0,0.013699723
item_127,Oscillibacter synthetic_species_012,synthetic_feature_127,species,neutral,0.0,-0.10938874
item_128,Subdoligranulum synthetic_species_012,synthetic_feature_128,species,neutral,0.0,-0.0041971444
item_129,Prevotella synthetic_species_015,synthetic_feature_129,species,neutral,0.0,-0.08920157
item_130,Collinsella synthetic_species_008,synthetic_feature_130,species,neutral,0.0,0.0058128103
item_131,Coprococcus synthetic_species_001,synthetic_feature_131,species,healthy_enriched,0.0,-0.30782458
item_132,Subdoligranulum synthetic_species_013,synthetic_feature_132,species,neutral,0.0,0.015553552
item_133,Clostridium synthetic_species_015,synthetic_feature_133,species,neutral,0.0,-0.036550183
item_134,Collinsella synthetic_species_009,synthetic_feature_134,species,neutral,0.0,0.09415148
item_135,Collinsella synthetic_species_010,synthetic_feature_135,species,neutral,0.0,-0.14239803
item_136,Prevotella synthetic_species_016,synthetic_feature_136,species,neutral,0.0,-0.16106203
item_137,Ruminococcus synthetic_species_015,synthetic_feature_137,species,neutral,0.0,0.1673647
item_138,Dorea synthetic_species_011,synthetic_feature_138,species,neutral,-0.37940875,-0.13933298
item_139,Oscillibacter synthetic_species_013,synthetic_feature_139,species,neutral,0.0,0.069783755
item_140,Oscillibacter synthetic_species_014,synthetic_feature_140,species,neutral,0.0,-0.035874043
item_141,Blautia synthetic_species_015,synthetic_feature_141,species,neutral,0.0,-0.012860659
item_142,Fusobacterium synthetic_species_001,synthetic_feature_142,species,CRC_enriched,0.0,0.24184076
item_143,Clostridium synthetic_species_016,synthetic_feature_143,species,neutral,0.0,0.10247731
item_144,Dorea synthetic_species_012,synthetic_feature_144,species,neutral,0.0,-0.08793171
item_145,Blautia synthetic_species_016,synthetic_feature_145,species,neutral,0.0,0.122485526
item_146,Dorea synthetic_species_013,synthetic_feature_146,species,neutral,0.0,0.13430943
item_147,Clostridium synthetic_species_017,synthetic_feature_147,species,neutral,0.0,0.0577201
item_148,Roseburia synthetic_species_002,synthetic_feature_148,species,healthy_enriched,-0.86028475,-0.16382441
item_149,Roseburia synthetic_species_003,synthetic_feature_149,species,healthy_enriched,-0.70662075,-0.31446895
item_150,Roseburia synthetic_species_004,synthetic_feature_150,species,healthy_enriched,0.0,-0.19021028
item_151,Subdoligranulum synthetic_species_014,synthetic_feature_151,species,neutral,0.0,0.101350896
item_152,Bacteroides synthetic_species_006,synthetic_feature_152,species,neutral,0.0,-0.05763718
item_153,Alistipes synthetic_species_010,synthetic_feature_153,species,neutral,0.0,0.051759906
item_154,Ruminococcus synthetic_species_016,synthetic_feature_154,species,neutral,0.0,0.11512924
item_155,Oscillibacter synthetic_species_015,synthetic_feature_155,species,neutral,0.0,-0.023563398
item_156,Ruminococcus synthetic_species_017,synthetic_feature_156,species,neutral,0.30925608,0.008679087
item_157,Oscillibacter synthetic_species_016,synthetic_feature_157,species,neutral,0.0,-0.14065053
item_158,Akkermansia synthetic_species_004,synthetic_feature_158,species,healthy_enriched,0.0,-0.2974558
item_159,Blautia synthetic_species_017,synthetic_feature_159,species,neutral,0.0,0.12198669
item_160,Ruminococcus synthetic_species_018,synthetic_feature_160,species,neutral,0.0,-0.15841722
item_161,Collinsella synthetic_species_011,synthetic_feature_161,species,neutral,0.0,0.0789842
item_162,Blautia synthetic_species_018,synthetic_feature_162,species,neutral,0.0,0.0068093804
item_163,Prevotella synthetic_species_017,synthetic_feature_163,species,neutral,0.0,-0.023174139
item_164,Oscillibacter synthetic_species_017,synthetic_feature_164,species,neutral,0.0,0.061008707
item_165,Dorea synthetic_species_014,synthetic_feature_165,species,neutral,0.0,0.020274818
item_166,Oscillibacter synthetic_species_018,synthetic_feature_166,species,neutral,0.0,0.0059649087
item_167,Blautia synthetic_species_019,synthetic_feature_167,species,neutral,0.0,0.033094607
item_168,Oscillibacter synthetic_species_019,synthetic_feature_168,species,neutral,0.0,0.033831965
item_169,Bacteroides synthetic_species_007,synthetic_feature_169,species,neutral,0.0,0.033129398
item_170,Bacteroides synthetic_species_008,synthetic_feature_170,species,neutral,0.0,0.2561652
item_171,Faecalibacterium synthetic_species_003,synthetic_feature_171,species,healthy_enriched,0.0,-0.303853
item_172,Oscillibacter synthetic_species_020,synthetic_feature_172,species,neutral,-0.5327321,-0.065952934
item_173,Subdoligranulum synthetic_species_015,synthetic_feature_173,species,neutral,0.0,0.060291547
item_174,Subdoligranulum synthetic_species_016,synthetic_feature_174,species,neutral,0.0,0.26360777
item_175,Eubacterium synthetic_species_003,synthetic_feature_175,species,healthy_enriched,0.0,-0.24293977
item_176,Alistipes synthetic_species_011,synthetic_feature_176,species,neutral,0.34212965,0.25243807
item_177,Ruminococcus synthetic_species_019,synthetic_feature_177,species,neutral,0.0,-0.09439274
item_178,Campylobacter synthetic_species_001,synthetic_feature_178,species,CRC_enriched,0.0,0.15639791
item_179,Alistipes synthetic_species_012,synthetic_feature_179,species,neutral,0.0,-0.0877164
item_180,Collinsella synthetic_species_012,synthetic_feature_180,species,neutral,0.0,0.10447318
item_181,Blautia synthetic_species_020,synthetic_feature_181,species,neutral,0.0,-0.17537566
item_182,Peptostreptococcus synthetic_species_002,synthetic_feature_182,species,CRC_enriched,0.0,0.19263566
item_183,Porphyromonas synthetic_species_001,synthetic_feature_183,species,CRC_enriched,0.0,0.2854495
item_184,Blautia synthetic_species_021,synthetic_feature_184,species,neutral,-0.6403908,0.009878836
item_185,Bifidobacterium synthetic_species_003,synthetic_feature_185,species,healthy_enriched,-0.94352484,-0.006158064
item_186,Parvimonas synthetic_species_002,synthetic_feature_186,species,CRC_enriched,0.59797746,0.34232578
item_187,Collinsella synthetic_species_013,synthetic_feature_187,species,neutral,0.0,0.054217935
item_188,Parvimonas synthetic_species_003,synthetic_feature_188,species,CRC_enriched,0.0,0.23585778
item_189,Bacteroides synthetic_species_009,synthetic_feature_189,species,neutral,0.0,-0.18036602
item_190,Blautia synthetic_species_022,synthetic_feature_190,species,neutral,0.0,0.01877391
item_191,Dorea synthetic_species_015,synthetic_feature_191,species,neutral,0.0,-0.11554521
item_192,Alistipes synthetic_species_013,synthetic_feature_192,species,neutral,-0.69967026,0.0042696805
item_193,Bacteroides synthetic_species_010,synthetic_feature_193,species,neutral,0.0,-0.022775462
item_194,Subdoligranulum synthetic_species_017,synthetic_feature_194,species,neutral,0.0,0.09647775
item_195,Oscillibacter synthetic_species_021,synthetic_feature_195,species,neutral,0.0,0.03973419
item_196,Subdoligranulum synthetic_species_018,synthetic_feature_196,species,neutral,0.0,0.00636392
item_197,Prevotella synthetic_species_018,synthetic_feature_197,species,neutral,-0.6669772,0.16345006
item_198,Bacteroides synthetic_species_011,synthetic_feature_198,species,neutral,0.0,0.18107535
item_199,Alistipes synthetic_species_014,synthetic_feature_199,species,neutral,0.0,0.11080379
item_200,Prevotella synthetic_species_019,synthetic_feature_200,species,neutral,0.0,0.05548485
item_201,Dorea synthetic_species_016,synthetic_feature_201,species,neutral,0.0,-0.04775678
item_202,Blautia synthetic_species_023,synthetic_feature_202,species,neutral,0.0,0.06732554
item_203,Prevotella synthetic_species_020,synthetic_feature_203,species,neutral,0.0,-0.02283181
item_204,Ruminococcus synthetic_species_020,synthetic_feature_204,species,neutral,-0.6817235,-0.05459376
item_205,Collinsella synthetic_species_014,synthetic_feature_205,species,neutral,0.0,-0.066032514
item_206,Eubacterium synthetic_species_004,synthetic_feature_206,species,healthy_enriched,-0.61822623,-0.06279871
item_207,Dorea synthetic_species_017,synthetic_feature_207,species,neutral,0.0,0.010382464
item_208,Collinsella synthetic_species_015,synthetic_feature_208,species,neutral,0.39656192,0.027277328
item_209,Subdoligranulum synthetic_species_019,synthetic_feature_209,species,neutral,-0.7392511,-0.03903332
item_210,Ruminococcus synthetic_species_021,synthetic_feature_210,species,neutral,0.0,0.02820505
item_211,Bacteroides synthetic_species_012,synthetic_feature_211,species,neutral,0.0,0.045616865
item_212,Oscillibacter synthetic_species_022,synthetic_feature_212,species,neutral,0.0,0.047265723
item_213,Collinsella synthetic_species_016,synthetic_feature_213,species,neutral,-0.30392444,0.07797713
item_214,Dorea synthetic_species_018,synthetic_feature_214,species,neutral,0.68894833,0.1002159
item_215,Clostridium synthetic_species_018,synthetic_feature_215,species,neutral,0.0,-0.0069114855
item_216,Subdoligranulum synthetic_species_020,synthetic_feature_216,species,neutral,0.0,0.009018043
item_217,Prevotella synthetic_species_021,synthetic_feature_217,species,neutral,-0.36888131,0.04206144
item_218,Oscillibacter synthetic_species_023,synthetic_feature_218,species,neutral,0.0,0.05543156
item_219,Blautia synthetic_species_024,synthetic_feature_219,species,neutral,0.0,0.03280413
item_220,Collinsella synthetic_species_017,synthetic_feature_220,species,neutral,0.0,-0.034617744
item_221,Bifidobacterium synthetic_species_004,synthetic_feature_221,species,healthy_enriched,0.0,-0.28181824
item_222,Ruminococcus synthetic_species_022,synthetic_feature_222,species,neutral,0.0,0.15965256
item_223,Bifidobacterium synthetic_species_005,synthetic_feature_223,species,healthy_enriched,-0.5882125,-0.24981397
item_224,Collinsella synthetic_species_018,synthetic_feature_224,species,neutral,0.0,-0.17537284
item_225,Subdoligranulum synthetic_species_021,synthetic_feature_225,species,neutral,0.0,0.13721241
item_226,Porphyromonas synthetic_species_002,synthetic_feature_226,species,CRC_enriched,0.0,0.25832132
item_227,Clostridium synthetic_species_019,synthetic_feature_227,species,neutral,0.0,0.18765593
item_228,Dorea synthetic_species_019,synthetic_feature_228,species,neutral,0.0,0.10885
item_229,Ruminococcus synthetic_species_023,synthetic_feature_229,species,neutral,0.0,-0.0149883125
item_230,Ruminococcus synthetic_species_024,synthetic_feature_230,species,neutral,0.0,-0.012021313
item_231,Morganella synthetic_species_001,synthetic_feature_231,species,CRC_enriched,0.0,0.30742222
item_232,Oscillibacter synthetic_species_024,synthetic_feature_232,species,neutral,0.0,-0.13700129
item_233,Alistipes synthetic_species_015,synthetic_feature_233,species,neutral,0.0,0.058429122
item_234,Oscillibacter synthetic_species_025,synthetic_feature_234,species,neutral,0.0,0.054892257
item_235,Collinsella synthetic_species_019,synthetic_feature_235,species,neutral,0.0,0.15135323
item_236,Fusobacterium synthetic_species_002,synthetic_feature_236,species,CRC_enriched,0.8209049,0.23446794
item_237,Clostridium synthetic_species_020,synthetic_feature_237,species,neutral,0.0,-0.15655485
item_238,Prevotella synthetic_species_022,synthetic_feature_238,species,neutral,0.0,0.15672857
item_239,Oscillibacter synthetic_species_026,synthetic_feature_239,species,neutral,0.0,0.14593308
item_240,Dorea synthetic_species_020,synthetic_feature_240,species,neutral,0.0,0.10426265
item_241,Subdoligranulum synthetic_species_022,synthetic_feature_241,species,neutral,0.0,-0.009835516
item_242,Dorea synthetic_species_021,synthetic_feature_242,species,neutral,0.0,0.067563854
item_243,Bacteroides synthetic_species_013,synthetic_feature_243,species,neutral,0.0,0.19748668
item_244,Clostridium synthetic_species_021,synthetic_feature_244,species,neutral,0.0,0.06324102
item_245,Clostridium synthetic_species_022,synthetic_feature_245,species,neutral,0.0,-0.009079008
item_246,Ruminococcus synthetic_species_025,synthetic_feature_246,species,neutral,0.0,0.008508126
item_247,Roseburia synthetic_species_005,synthetic_feature_247,species,healthy_enriched,0.0,-0.30280715
item_248,Oscillibacter synthetic_species_027,synthetic_feature_248,species,neutral,0.0,-0.04800933
item_249,Campylobacter synthetic_species_002,synthetic_feature_249,species,CRC_enriched,0.9017681,0.11814265
item_250,Alistipes synthetic_species_016,synthetic_feature_250,species,neutral,0.0,0.03358667
item_251,Solobacterium synthetic_species_004,synthetic_feature_251,species,CRC_enriched,0.9243389,0.20863119
item_252,Parvimonas synthetic_species_004,synthetic_feature_252,species,CRC_enriched,0.8940873,0.26422954
item_253,Prevotella synthetic_species_023,synthetic_feature_253,species,neutral,-0.68072546,0.038876634
item_254,Blautia synthetic_species_025,synthetic_feature_254,species,neutral,0.0,0.17573942
item_255,Oscillibacter synthetic_species_028,synthetic_feature_255,species,neutral,0.0,0.03379215
item_256,Morganella synthetic_species_002,synthetic_feature_256,species,CRC_enriched,0.9654127,0.16568172
item_257,Dorea synthetic_species_022,synthetic_feature_257,species,neutral,0.0,-0.012690443
item_258,Prevotella synthetic_species_024,synthetic_feature_258,species,neutral,-0.50408626,-0.0037241855
item_259,Collinsella synthetic_species_020,synthetic_feature_259,species,neutral,-0.4762463,0.014659537
item_260,Blautia synthetic_species_026,synthetic_feature_260,species,neutral,0.0,-0.047906026
item_261,Morganella synthetic_species_003,synthetic_feature_261,species,CRC_enriched,0.9983344,0.34467855
item_262,Prevotella synthetic_species_025,synthetic_feature_262,species,neutral,0.0,0.022952754
item_263,Blautia synthetic_species_027,synthetic_feature_263,species,neutral,-0.4316877,0.040494584
item_264,Collinsella synthetic_species_021,synthetic_feature_264,species,neutral,0.0,0.1976704
item_265,Collinsella synthetic_species_022,synthetic_feature_265,species,neutral,0.0,0.37930524
item_266,Bacteroides synthetic_species_014,synthetic_feature_266,species,neutral,0.0,-0.27572942
item_267,Bacteroides synthetic_species_015,synthetic_feature_267,species,neutral,-0.5906029,0.061077453
item_268,Blautia synthetic_species_028,synthetic_feature_268,species,neutral,0.0,-0.023516899
item_269,Prevotella synthetic_species_026,synthetic_feature_269,species,neutral,0.0,-0.006143901
item_270,Blautia synthetic_species_029,synthetic_feature_270,species,neutral,0.0,0.16713051
item_271,Fusobacterium synthetic_species_003,synthetic_feature_271,species,CRC_enriched,0.0,0.30955184
item_272,Oscillibacter synthetic_species_029,synthetic_feature_272,species,neutral,0.0,0.09346479
item_273,Ruminococcus synthetic_species_026,synthetic_feature_273,species,neutral,0.0,0.03096444
item_274,Dorea synthetic_species_023,synthetic_feature_274,species,neutral,0.0,-0.011712743
item_275,Ruminococcus synthetic_species_027,synthetic_feature_275,species,neutral,0.686361,0.061345316
item_276,Dorea synthetic_species_024,synthetic_feature_276,species,neutral,0.0,0.10113926
item_277,Collinsella synthetic_species_023,synthetic_feature_277,species,neutral,0.0,0.21356556
item_278,Blautia synthetic_species_030,synthetic_feature_278,species,neutral,0.0,0.1883258
item_279,Blautia synthetic_species_031,synthetic_feature_279,species,neutral,0.0,-0.09843675
item_280,Subdoligranulum synthetic_species_023,synthetic_feature_280,species,neutral,0.0,0.0975649
item_281,Prevotella synthetic_species_027,synthetic_feature_281,species,neutral,0.0,-0.14169158
item_282,Oscillibacter synthetic_species_030,synthetic_feature_282,species,neutral,0.0,0.28305018
item_283,Agathobacter synthetic_species_002,synthetic_feature_283,species,healthy_enriched,0.0,-0.45154235
item_284,Eubacterium synthetic_species_005,synthetic_feature_284,species,healthy_enriched,0.0,-0.17319551
item_285,Subdoligranulum synthetic_species_024,synthetic_feature_285,species,neutral,0.0,-0.100955404
item_286,Clostridium synthetic_species_023,synthetic_feature_286,species,neutral,0.0,0.015218169
item_287,Prevotella synthetic_species_028,synthetic_feature_287,species,neutral,0.69583344,-0.047736693
item_288,Prevotella synthetic_species_029,synthetic_feature_288,species,neutral,0.0,0.04823391
item_289,Coprococcus synthetic_species_002,synthetic_feature_289,species,healthy_enriched,-0.74788755,-0.2878364
item_290,Clostridium synthetic_species_024,synthetic_feature_290,species,neutral,0.32215866,-0.023598887
item_291,Bacteroides synthetic_species_016,synthetic_feature_291,species,neutral,0.0,-0.08236915
item_292,Blautia synthetic_species_032,synthetic_feature_292,species,neutral,0.0,0.13587756
item_293,Collinsella synthetic_species_024,synthetic_feature_293,species,neutral,0.0,-0.13012767
item_294,Subdoligranulum synthetic_species_025,synthetic_feature_294,species,neutral,0.0,0.038538426
item_295,Clostridium synthetic_species_025,synthetic_feature_295,species,neutral,0.0,0.021791954
item_296,Subdoligranulum synthetic_species_026,synthetic_feature_296,species,neutral,0.38009432,0.068377465
item_297,Bacteroides synthetic_species_017,synthetic_feature_297,species,neutral,0.0,-0.024783071
item_298,Clostridium synthetic_species_026,synthetic_feature_298,species,neutral,0.0,0.040970586
item_299,Ruminococcus synthetic_species_028,synthetic_feature_299,species,neutral,0.0,-0.061517138
item_300,Collinsella synthetic_species_025,synthetic_feature_300,species,neutral,0.66102356,0.13355945
item_301,Oscillibacter synthetic_species_031,synthetic_feature_301,species,neutral,0.0,-0.076143555
item_302,Oscillibacter synthetic_species_032,synthetic_feature_302,species,neutral,0.0,-0.018132351
item_303,Alistipes synthetic_species_017,synthetic_feature_303,species,neutral,0.0,0.08130561
item_304,Alistipes synthetic_species_018,synthetic_feature_304,species,neutral,0.0,0.35000506
item_305,Clostridium synthetic_species_027,synthetic_feature_305,species,neutral,0.0,0.002566792
item_306,Oscillibacter synthetic_species_033,synthetic_feature_306,species,neutral,0.6982939,-0.13709868
item_307,Blautia synthetic_species_033,synthetic_feature_307,species,neutral,0.0,-0.026892211
item_308,Bacteroides synthetic_species_018,synthetic_feature_308,species,neutral,0.0,-0.080264844
item_309,Roseburia synthetic_species_006,synthetic_feature_309,species,healthy_enriched,0.0,-0.25935486
item_310,Clostridium synthetic_species_028,synthetic_feature_310,species,neutral,0.0,-0.009967036
item_311,Solobacterium synthetic_species_005,synthetic_feature_311,species,CRC_enriched,0.0,0.35528696
item_312,Morganella synthetic_species_004,synthetic_feature_312,species,CRC_enriched,0.5946885,0.30256474
item_313,Gemella synthetic_species_002,synthetic_feature_313,species,CRC_enriched,0.73119736,0.2964784
item_314,Dorea synthetic_species_025,synthetic_feature_314,species,neutral,0.5621133,-0.028835554
item_315,Prevotella synthetic_species_030,synthetic_feature_315,species,neutral,0.0,-0.13337815
item_316,Clostridium synthetic_species_029,synthetic_feature_316,species,neutral,-0.34513447,-0.0072782314
item_317,Akkermansia synthetic_species_005,synthetic_feature_317,species,healthy_enriched,-0.8642632,-0.16849907
item_318,Bacteroides synthetic_species_019,synthetic_feature_318,species,neutral,0.0,-0.07707793
item_319,Dorea synthetic_species_026,synthetic_feature_319,species,neutral,0.0,0.03150552
item_320,Ruminococcus synthetic_species_029,synthetic_feature_320,species,neutral,0.0,0.11530041
item_321,Clostridium synthetic_species_030,synthetic_feature_321,species,neutral,0.0,-0.0060478738
item_322,Clostridium synthetic_species_031,synthetic_feature_322,species,neutral,0.0,0.047701564
item_323,Alistipes synthetic_species_019,synthetic_feature_323,species,neutral,0.0,-0.10500984
item_324,Subdoligranulum synthetic_species_027,synthetic_feature_324,species,neutral,0.0,-0.0034906517
item_325,Roseburia synthetic_species_007,synthetic_feature_325,species,healthy_enriched,0.0,-0.18480788
item_326,Clostridium synthetic_species_032,synthetic_feature_326,species,neutral,0.0,-0.0010788204
item_327,Clostridium synthetic_species_033,synthetic_feature_327,species,neutral,0.0,0.038706705
item_328,Prevotella synthetic_species_031,synthetic_feature_328,species,neutral,0.0,0.035959583
item_329,Blautia synthetic_species_034,synthetic_feature_329,species,neutral,0.0,0.041898068
item_330,Alistipes synthetic_species_020,synthetic_feature_330,species,neutral,0.0,-0.2669758
item_331,Alistipes synthetic_species_021,synthetic_feature_331,species,neutral,0.0,-0.06863811
item_332,Bacteroides synthetic_species_020,synthetic_feature_332,species,neutral,0.0,0.0056113577
item_333,Clostridium synthetic_species_034,synthetic_feature_333,species,neutral,0.0,-0.15869816
item_334,Oscillibacter synthetic_species_034,synthetic_feature_334,species,neutral,0.0,-0.07944515
item_335,Collinsella synthetic_species_026,synthetic_feature_335,species,neutral,0.0,0.07754985
item_336,Clostridium synthetic_species_035,synthetic_feature_336,species,neutral,0.0,0.04117535
item_337,Peptostreptococcus synthetic_species_003,synthetic_feature_337,species,CRC_enriched,0.91926336,0.32184306
item_338,Collinsella synthetic_species_027,synthetic_feature_338,species,neutral,0.0,-0.08474042
item_339,Clostridium synthetic_species_036,synthetic_feature_339,species,neutral,0.0,0.07704012
item_340,Dorea synthetic_species_027,synthetic_feature_340,species,neutral,0.0,-0.092143506
item_341,Blautia synthetic_species_035,synthetic_feature_341,species,neutral,0.0,0.09034603
item_342,Prevotella synthetic_species_032,synthetic_feature_342,species,neutral,0.0,-0.020401672
item_343,Collinsella synthetic_species_028,synthetic_feature_343,species,neutral,0.0,-0.07721074
item_344,Oscillibacter synthetic_species_035,synthetic_feature_344,species,neutral,0.49438086,-0.011050825
item_345,Campylobacter synthetic_species_003,synthetic_feature_345,species,CRC_enriched,0.0,0.3625172
item_346,Ruminococcus synthetic_species_030,synthetic_feature_346,species,neutral,0.0,-0.041198716
item_347,Collinsella synthetic_species_029,synthetic_feature_347,species,neutral,0.0,-0.0010141081
item_348,Gemella synthetic_species_003,synthetic_feature_348,species,CRC_enriched,0.8947397,0.13847165
item_349,Subdoligranulum synthetic_species_028,synthetic_feature_349,species,neutral,0.0,-0.14181046
item_350,Oscillibacter synthetic_species_036,synthetic_feature_350,species,neutral,0.0,-0.115025565
item_351,Oscillibacter synthetic_species_037,synthetic_feature_351,species,neutral,0.0,0.055582155
item_352,Clostridium synthetic_species_037,synthetic_feature_352,species,neutral,0.61840117,0.11521641
item_353,Eubacterium synthetic_species_006,synthetic_feature_353,species,healthy_enriched,-0.7370066,-0.24652493
item_354,Anaerostipes synthetic_species_002,synthetic_feature_354,species,healthy_enriched,-0.55471563,-0.2201358
item_355,Dorea synthetic_species_028,synthetic_feature_355,species,neutral,0.0,-0.11610579
item_356,Dorea synthetic_species_029,synthetic_feature_356,species,neutral,0.0,-0.093645446
item_357,Subdoligranulum synthetic_species_029,synthetic_feature_357,species,neutral,0.0,0.047349274
item_358,Oscillibacter synthetic_species_038,synthetic_feature_358,species,neutral,0.0,0.0053096404
item_359,Morganella synthetic_species_005,synthetic_feature_359,species,CRC_enriched,0.7940675,-0.1361079
item_360,Blautia synthetic_species_036,synthetic_feature_360,species,neutral,0.0,-0.15632752
item_361,Prevotella synthetic_species_033,synthetic_feature_361,species,neutral,0.66660875,0.01560136
item_362,Roseburia synthetic_species_008,synthetic_feature_362,species,healthy_enriched,-0.8093934,-0.3305552
item_363,Alistipes synthetic_species_022,synthetic_feature_363,species,neutral,0.0,-0.07178228
item_364,Blautia synthetic_species_037,synthetic_feature_364,species,neutral,0.0,-0.031338215
item_365,Ruminococcus synthetic_species_031,synthetic_feature_365,species,neutral,0.0,-0.071094394
item_366,Blautia synthetic_species_038,synthetic_feature_366,species,neutral,0.0,-0.070701495
item_367,Oscillibacter synthetic_species_039,synthetic_feature_367,species,neutral,0.0,0.039800107
item_368,Ruminococcus synthetic_species_032,synthetic_feature_368,species,neutral,0.0,-0.10990628
item_369,Subdoligranulum synthetic_species_030,synthetic_feature_369,species,neutral,-0.7055893,0.01768721
item_370,Collinsella synthetic_species_030,synthetic_feature_370,species,neutral,0.0,-0.048357505
item_371,Oscillibacter synthetic_species_040,synthetic_feature_371,species,neutral,0.0,-0.13594764
item_372,Bacteroides synthetic_species_021,synthetic_feature_372,species,neutral,0.0,0.09599236
item_373,Alistipes synthetic_species_023,synthetic_feature_373,species,neutral,0.0,0.028611278
item_374,Subdoligranulum synthetic_species_031,synthetic_feature_374,species,neutral,-0.6913315,-0.08224188
item_375,Oscillibacter synthetic_species_041,synthetic_feature_375,species,neutral,0.0,0.073429
item_376,Agathobacter synthetic_species_003,synthetic_feature_376,species,healthy_enriched,-0.6271785,-0.21157439
item_377,Bacteroides synthetic_species_022,synthetic_feature_377,species,neutral,0.0,-0.05102355
item_378,Bacteroides synthetic_species_023,synthetic_feature_378,species,neutral,0.0,0.0548608
item_379,Dorea synthetic_species_030,synthetic_feature_379,species,neutral,0.0,0.046133827
item_380,Akkermansia synthetic_species_006,synthetic_feature_380,species,healthy_enriched,-0.5963607,-0.24491887
item_381,Ruminococcus synthetic_species_033,synthetic_feature_381,species,neutral,0.0,-0.18174648
item_382,Oscillibacter synthetic_species_042,synthetic_feature_382,species,neutral,0.56451124,0.025998563
item_383,Collinsella synthetic_species_031,synthetic_feature_383,species,neutral,0.0,0.05877806
item_384,Prevotella synthetic_species_034,synthetic_feature_384,species,neutral,0.0,-0.0023312154
item_385,Collinsella synthetic_species_032,synthetic_feature_385,species,neutral,-0.6683571,0.24351396
item_386,Ruminococcus synthetic_species_034,synthetic_feature_386,species,neutral,0.0,-0.04059513
item_387,Alistipes synthetic_species_024,synthetic_feature_387,species,neutral,0.0,0.05048257
item_388,Solobacterium synthetic_species_006,synthetic_feature_388,species,CRC_enriched,0.0,0.27316087
item_389,Alistipes synthetic_species_025,synthetic_feature_389,species,neutral,0.54514927,0.013836343
item_390,Morganella synthetic_species_006,synthetic_feature_390,species,CRC_enriched,0.718061,0.5023142
item_391,Oscillibacter synthetic_species_043,synthetic_feature_391,species,neutral,0.0,0.14901893
item_392,Clostridium synthetic_species_038,synthetic_feature_392,species,neutral,0.0,-0.0076555316
item_393,Bacteroides synthetic_species_024,synthetic_feature_393,species,neutral,0.0,0.18513192
item_394,Subdoligranulum synthetic_species_032,synthetic_feature_394,species,neutral,0.0,0.15443076
item_395,Dorea synthetic_species_031,synthetic_feature_395,species,neutral,0.0,-0.11304478
item_396,Clostridium synthetic_species_039,synthetic_feature_396,species,neutral,0.0,-0.02143974
item_397,Prevotella synthetic_species_035,synthetic_feature_397,species,neutral,0.0,0.024906814
item_398,Clostridium synthetic_species_040,synthetic_feature_398,species,neutral,0.0,0.04296318
item_399,Ruminococcus synthetic_species_035,synthetic_feature_399,species,neutral,0.0,0.22043546
item_400,Clostridium synthetic_species_041,synthetic_feature_400,species,neutral,0.0,-0.060799688
item_401,Alistipes synthetic_species_026,synthetic_feature_401,species,neutral,-0.6537895,0.12275028
item_402,Subdoligranulum synthetic_species_033,synthetic_feature_402,species,neutral,0.0,0.090614006
item_403,Clostridium synthetic_species_042,synthetic_feature_403,species,neutral,-0.530194,0.13655561
item_404,Dorea synthetic_species_032,synthetic_feature_404,species,neutral,0.0,0.100492634
item_405,Dorea synthetic_species_033,synthetic_feature_405,species,neutral,0.0,-0.03164205
item_406,Bacteroides synthetic_species_025,synthetic_feature_406,species,neutral,0.0,-0.017225623
item_407,Alistipes synthetic_species_027,synthetic_feature_407,species,neutral,0.0,0.014219049
item_408,Clostridium synthetic_species_043,synthetic_feature_408,species,neutral,0.0,0.18597682
item_409,Oscillibacter synthetic_species_044,synthetic_feature_409,species,neutral,0.0,-0.04192702
item_410,Subdoligranulum synthetic_species_034,synthetic_feature_410,species,neutral,0.0,0.006792434
item_411,Bacteroides synthetic_species_026,synthetic_feature_411,species,neutral,0.43704945,0.007019565
item_412,Alistipes synthetic_species_028,synthetic_feature_412,species,neutral,0.0,0.03352853
item_413,Clostridium synthetic_species_044,synthetic_feature_413,species,neutral,0.0,-0.027330324
item_414,Ruminococcus synthetic_species_036,synthetic_feature_414,species,neutral,0.0,0.070407934
item_415,Alistipes synthetic_species_029,synthetic_feature_415,species,neutral,0.0,0.107867084
item_416,Alistipes synthetic_species_030,synthetic_feature_416,species,neutral,0.0,-0.034738418
item_417,Subdoligranulum synthetic_species_035,synthetic_feature_417,species,neutral,0.0,0.018436048
item_418,Oscillibacter synthetic_species_045,synthetic_feature_418,species,neutral,0.0,-0.033031594
item_419,Bacteroides synthetic_species_027,synthetic_feature_419,species,neutral,0.0,0.03500175
item_420,Bifidobacterium synthetic_species_006,synthetic_feature_420,species,healthy_enriched,-0.77029616,-0.23284747
item_421,Collinsella synthetic_species_033,synthetic_feature_421,species,neutral,0.0,0.066765875
item_422,Oscillibacter synthetic_species_046,synthetic_feature_422,species,neutral,-0.32501465,0.10790459
item_423,Blautia synthetic_species_039,synthetic_feature_423,species,neutral,0.0,0.14154823
item_424,Blautia synthetic_species_040,synthetic_feature_424,species,neutral,0.0,0.0016055962
item_425,Collinsella synthetic_species_034,synthetic_feature_425,species,neutral,0.0,0.03203227
item_426,Solobacterium synthetic_species_007,synthetic_feature_426,species,CRC_enriched,0.551368,0.24120855
item_427,Bifidobacterium synthetic_species_007,synthetic_feature_427,species,healthy_enriched,0.0,-0.343729
item_428,Collinsella synthetic_species_035,synthetic_feature_428,species,neutral,0.0,-0.07743129
item_429,Prevotella synthetic_species_036,synthetic_feature_429,species,neutral,0.0,0.021612713
item_430,Bacteroides synthetic_species_028,synthetic_feature_430,species,neutral,0.0,0.06698491
item_431,Dorea synthetic_species_034,synthetic_feature_431,species,neutral,0.0,-0.023497496
item_432,Dorea synthetic_species_035,synthetic_feature_432,species,neutral,0.0,-0.054148808
item_433,Oscillibacter synthetic_species_047,synthetic_feature_433,species,neutral,0.0,0.0023597348
item_434,Bacteroides synthetic_species_029,synthetic_feature_434,species,neutral,-0.70089084,0.031297192
item_435,Oscillibacter synthetic_species_048,synthetic_feature_435,species,neutral,0.0,-0.04471699
item_436,Bacteroides synthetic_species_030,synthetic_feature_436,species,neutral,0.6700567,-0.039712094
item_437,Dorea synthetic_species_036,synthetic_feature_437,species,neutral,0.0,-0.08318468
item_438,Dorea synthetic_species_037,synthetic_feature_438,species,neutral,0.0,0.027518468
item_439,Collinsella synthetic_species_036,synthetic_feature_439,species,neutral,0.0,-0.10629954
item_440,Bacteroides synthetic_species_031,synthetic_feature_440,species,neutral,0.0,0.16489112
item_441,Clostridium synthetic_species_045,synthetic_feature_441,species,neutral,0.0,-0.22937633
item_442,Prevotella synthetic_species_037,synthetic_feature_442,species,neutral,0.55393463,-0.059257258
item_443,Clostridium synthetic_species_046,synthetic_feature_443,species,neutral,0.0,0.034532003
item_444,Collinsella synthetic_species_037,synthetic_feature_444,species,neutral,0.0,-0.022791011
item_445,Oscillibacter synthetic_species_049,synthetic_feature_445,species,neutral,0.0,-0.054661192
item_446,Subdoligranulum synthetic_species_036,synthetic_feature_446,species,neutral,0.0,0.05834489
item_447,Oscillibacter synthetic_species_050,synthetic_feature_447,species,neutral,0.0,-0.03583014
item_448,Dorea synthetic_species_038,synthetic_feature_448,species,neutral,0.0,-0.04436818
item_449,Porphyromonas synthetic_species_003,synthetic_feature_449,species,CRC_enriched,0.0,0.113323286
item_450,Blautia synthetic_species_041,synthetic_feature_450,species,neutral,0.0,-0.005251923
item_451,Solobacterium synthetic_species_008,synthetic_feature_451,species,CRC_enriched,0.0,0.36742488
item_452,Clostridium synthetic_species_047,synthetic_feature_452,species,neutral,0.0,0.017776228
item_453,Dorea synthetic_species_039,synthetic_feature_453,species,neutral,0.0,0.044162456
item_454,Dorea synthetic_species_040,synthetic_feature_454,species,neutral,0.48342693,0.080780126
item_455,Prevotella synthetic_species_038,synthetic_feature_455,species,neutral,0.0,-0.0445263
item_456,Prevotella synthetic_species_039,synthetic_feature_456,species,neutral,0.0,-0.06575348
item_457,Oscillibacter synthetic_species_051,synthetic_feature_457,species,neutral,0.0,0.13395965
item_458,Morganella synthetic_species_007,synthetic_feature_458,species,CRC_enriched,0.710911,0.2742122
item_459,Gemella synthetic_species_004,synthetic_feature_459,species,CRC_enriched,0.0,0.42597497
item_460,Ruminococcus synthetic_species_037,synthetic_feature_460,species,neutral,0.0,0.1302172
item_461,Bacteroides synthetic_species_032,synthetic_feature_461,species,neutral,0.0,0.11367144
item_462,Bacteroides synthetic_species_033,synthetic_feature_462,species,neutral,0.0,0.02006876
item_463,Blautia synthetic_species_042,synthetic_feature_463,species,neutral,0.0,0.03764146
item_464,Blautia synthetic_species_043,synthetic_feature_464,species,neutral,0.0,-0.21852502
item_465,Peptostreptococcus synthetic_species_004,synthetic_feature_465,species,CRC_enriched,0.0,0.26997945
item_466,Prevotella synthetic_species_040,synthetic_feature_466,species,neutral,0.0,0.07781256
item_467,Bacteroides synthetic_species_034,synthetic_feature_467,species,neutral,0.66547954,0.04141167
item_468,Blautia synthetic_species_044,synthetic_feature_468,species,neutral,0.0,-0.1484391
item_469,Blautia synthetic_species_045,synthetic_feature_469,species,neutral,0.0,0.052301373
item_470,Peptostreptococcus synthetic_species_005,synthetic_feature_470,species,CRC_enriched,0.83956236,0.07107195
item_471,Solobacterium synthetic_species_009,synthetic_feature_471,species,CRC_enriched,0.0,0.2517459
item_472,Oscillibacter synthetic_species_052,synthetic_feature_472,species,neutral,0.0,0.06838354
item_473,Collinsella synthetic_species_038,synthetic_feature_473,species,neutral,0.0,0.088291354
item_474,Alistipes synthetic_species_031,synthetic_feature_474,species,neutral,-0.68478084,-0.20875303
item_475,Bacteroides synthetic_species_035,synthetic_feature_475,species,neutral,0.0,0.045868956
item_476,Clostridium synthetic_species_048,synthetic_feature_476,species,neutral,0.0,-0.020003062
item_477,Agathobacter synthetic_species_004,synthetic_feature_477,species,healthy_enriched,-0.6842363,-0.24262576
item_478,Ruminococcus synthetic_species_038,synthetic_feature_478,species,neutral,0.0,0.19170973
item_479,Bacteroides synthetic_species_036,synthetic_feature_479,species,neutral,0.0,0.049336243
item_480,Oscillibacter synthetic_species_053,synthetic_feature_480,species,neutral,0.0,0.06679707
item_481,Subdoligranulum synthetic_species_037,synthetic_feature_481,species,neutral,0.0,-0.06250468
item_482,Dorea synthetic_species_041,synthetic_feature_482,species,neutral,0.0,0.14120893
item_483,Peptostreptococcus synthetic_species_006,synthetic_feature_483,species,CRC_enriched,0.0,0.35330382
item_484,Blautia synthetic_species_046,synthetic_feature_484,species,neutral,0.0,0.072522566
item_485,Oscillibacter synthetic_species_054,synthetic_feature_485,species,neutral,0.0,0.04415495
item_486,Collinsella synthetic_species_039,synthetic_feature_486,species,neutral,0.0,0.15099284
item_487,Bacteroides synthetic_species_037,synthetic_feature_487,species,neutral,0.6600793,-9.768945e-05
item_488,Parvimonas synthetic_species_005,synthetic_feature_488,species,CRC_enriched,0.9306894,0.0718417
item_489,Bacteroides synthetic_species_038,synthetic_feature_489,species,neutral,0.0,0.011350971
item_490,Dorea synthetic_species_042,synthetic_feature_490,species,neutral,0.0,-0.018332386
item_491,Dorea synthetic_species_043,synthetic_feature_491,species,neutral,0.0,0.09035459
item_492,Collinsella synthetic_species_040,synthetic_feature_492,species,neutral,0.0,0.12674889
item_493,Clostridium synthetic_species_049,synthetic_feature_493,species,neutral,0.0,-0.12783964
item_494,Prevotella synthetic_species_041,synthetic_feature_494,species,neutral,0.0,0.091127686
item_495,Subdoligranulum synthetic_species_038,synthetic_feature_495,species,neutral,0.0,-0.21440266
item_496,Alistipes synthetic_species_032,synthetic_feature_496,species,neutral,0.0,0.08873536
item_497,Agathobacter synthetic_species_005,synthetic_feature_497,species,healthy_enriched,-0.57752484,-0.23849706
item_498,Roseburia synthetic_species_009,synthetic_feature_498,species,healthy_enriched,-0.75588053,-0.363385
item_499,Ruminococcus synthetic_species_039,synthetic_feature_499,species,neutral,-0.4711165,-0.009636916
