item_id,taxon_name,T,taxon_direction,true_group,S,F
item_000,Bacteroides synthetic_species_001,0.538435221,neutral,neutral,0.501478791,0.579674482
item_001,Subdoligranulum synthetic_species_001,0.511800349,neutral,neutral,0.542873442,0.470545769
item_002,Collinsella synthetic_species_001,0.44582963,healthy_enriched,neutral,0.490635216,0.514480948
item_003,Ruminococcus synthetic_species_001,0.479430825,healthy_enriched,neutral,0.529163778,0.459398329
item_004,Subdoligranulum synthetic_species_002,0.511208415,neutral,neutral,0.504645884,0.491147965
item_005,Roseburia synthetic_species_001,0.458694607,neutral,healthy_enriched,0.460437983,0.184846446
item_006,Prevotella synthetic_species_001,0.493827522,neutral,neutral,0.499899715,0.613945067
item_007,Alistipes synthetic_species_001,0.459020197,neutral,neutral,0.511569202,0.514107049
item_008,Prevotella synthetic_species_002,0.442375243,neutral,neutral,0.499646425,0.443663716
item_009,Dorea synthetic_species_001,0.462719679,neutral,neutral,0.479398757,0.549519897
item_010,Prevotella synthetic_species_003,0.442240775,neutral,neutral,0.514301956,0.534501255
item_011,Alistipes synthetic_species_002,0.525352597,CRC_enriched,neutral,0.49918738,0.527608395
item_012,Ruminococcus synthetic_species_002,0.529213846,CRC_enriched,neutral,0.461462349,0.42383498
item_013,Blautia synthetic_species_001,0.500803709,neutral,neutral,0.517887771,0.396847188
item_014,Bifidobacterium synthetic_species_001,0.444153577,healthy_enriched,healthy_enriched,0.483109742,0.29476288
item_015,Faecalibacterium synthetic_species_001,0.457022667,healthy_enriched,healthy_enriched,0.467313528,0.34200263
item_016,Blautia synthetic_species_002,0.470401019,neutral,neutral,0.516917288,0.350261718
item_017,Prevotella synthetic_species_004,0.48782146,neutral,neutral,0.466222346,0.568018913
item_018,Subdoligranulum synthetic_species_003,0.473731279,neutral,neutral,0.513741314,0.517108083
item_019,Alistipes synthetic_species_003,0.511758506,neutral,neutral,0.5080899,0.551154315
item_020,Oscillibacter synthetic_species_001,0.574693322,neutral,neutral,0.534716308,0.447716832
item_021,Clostridium synthetic_species_001,0.464250624,neutral,neutral,0.503927469,0.54397732
item_022,Eubacterium synthetic_species_001,0.465471566,neutral,healthy_enriched,0.464836359,0.259463727
item_023,Ruminococcus synthetic_species_003,0.576226294,neutral,neutral,0.477390707,0.65655899
item_024,Ruminococcus synthetic_species_004,0.516671181,neutral,neutral,0.510522127,0.479952842
item_025,Anaerostipes synthetic_species_001,0.446979761,healthy_enriched,healthy_enriched,0.498522997,0.372498959
item_026,Dorea synthetic_species_002,0.493893802,healthy_enriched,neutral,0.51388818,0.439092755
item_027,Blautia synthetic_species_003,0.525400162,neutral,neutral,0.492726266,0.469806641
item_028,Dorea synthetic_species_003,0.535127521,CRC_enriched,neutral,0.507752895,0.513476789
item_029,Clostridium synthetic_species_002,0.511481047,CRC_enriched,neutral,0.535378337,0.284749925
item_030,Dorea synthetic_species_004,0.513528466,neutral,neutral,0.513847888,0.603050947
item_031,Ruminococcus synthetic_species_005,0.492938608,neutral,neutral,0.500392318,0.456572533
item_032,Ruminococcus synthetic_species_006,0.514449298,CRC_enriched,neutral,0.472992003,0.277595222
item_033,Clostridium synthetic_species_003,0.522808433,neutral,neutral,0.486304373,0.446704358
item_034,Prevotella synthetic_species_005,0.514192104,neutral,neutral,0.492301702,0.497781247
item_035,Alistipes synthetic_species_004,0.531832159,neutral,neutral,0.490208358,0.629645646
item_036,Ruminococcus synthetic_species_007,0.503557503,CRC_enriched,neutral,0.499116719,0.580665529
item_037,Blautia synthetic_species_004,0.526723027,neutral,neutral,0.501886487,0.42704767
item_038,Prevotella synthetic_species_006,0.519339323,CRC_enriched,neutral,0.550407231,0.480276704
item_039,Dorea synthetic_species_005,0.502002537,neutral,neutral,0.488178909,0.425840437
item_040,Blautia synthetic_species_005,0.466898054,neutral,neutral,0.492718816,0.350633472
item_041,Subdoligranulum synthetic_species_004,0.461154073,neutral,neutral,0.517628908,0.559471846
item_042,Dorea synthetic_species_006,0.528040528,neutral,neutral,0.520638049,0.464391798
item_043,Subdoligranulum synthetic_species_005,0.53844732,neutral,neutral,0.474234492,0.552989125
item_044,Blautia synthetic_species_006,0.52590239,CRC_enriched,neutral,0.483962953,0.431869924
item_045,Clostridium synthetic_species_004,0.537902892,CRC_enriched,neutral,0.518424809,0.436532795
item_046,Parvimonas synthetic_species_001,0.552632749,CRC_enriched,CRC_enriched,0.512378216,0.568605423
item_047,Akkermansia synthetic_species_001,0.44221884,healthy_enriched,healthy_enriched,0.47122249,0.394459099
item_048,Alistipes synthetic_species_005,0.501348317,neutral,neutral,0.518107951,0.400558054
item_049,Prevotella synthetic_species_007,0.506164968,neutral,neutral,0.501762092,0.596928656
item_050,Bacteroides synthetic_species_002,0.496292681,neutral,neutral,0.550629437,0.481639683
item_051,Solobacterium synthetic_species_001,0.549717367,CRC_enriched,CRC_enriched,0.520159245,0.580416501
item_052,Solobacterium synthetic_species_002,0.573416352,CRC_enriched,CRC_enriched,0.504313111,0.66832763
item_053,Prevotella synthetic_species_008,0.516865849,CRC_enriched,neutral,0.475844711,0.53326726
item_054,Oscillibacter synthetic_species_002,0.508378327,neutral,neutral,0.511225104,0.497602403
item_055,Eubacterium synthetic_species_002,0.438217431,neutral,healthy_enriched,0.509620309,0.275880396
item_056,Blautia synthetic_species_007,0.514588475,neutral,neutral,0.500555992,0.580731988
item_057,Collinsella synthetic_species_002,0.493114293,neutral,neutral,0.487448812,0.565457523
item_058,Collinsella synthetic_species_003,0.414666981,neutral,neutral,0.482594967,0.506100178
item_059,Clostridium synthetic_species_005,0.523490369,CRC_enriched,neutral,0.534700036,0.528494179
item_060,Subdoligranulum synthetic_species_006,0.480128109,neutral,neutral,0.491661876,0.471437275
item_061,Clostridium synthetic_species_006,0.499637663,neutral,neutral,0.489832938,0.492056489
item_062,Subdoligranulum synthetic_species_007,0.496931016,neutral,neutral,0.491882235,0.315986723
item_063,Oscillibacter synthetic_species_003,0.513900995,CRC_enriched,neutral,0.523514271,0.466636568
item_064,Ruminococcus synthetic_species_008,0.507168651,neutral,neutral,0.499980599,0.448691666
item_065,Gemella synthetic_species_001,0.553127468,neutral,CRC_enriched,0.533860505,0.746121526
item_066,Prevotella synthetic_species_009,0.502847493,neutral,neutral,0.517225444,0.611586571
item_067,Subdoligranulum synthetic_species_008,0.525672376,neutral,neutral,0.503157794,0.392799973
item_068,Akkermansia synthetic_species_002,0.47691825,healthy_enriched,healthy_enriched,0.510620594,0.258609682
item_069,Oscillibacter synthetic_species_004,0.478635252,neutral,neutral,0.472078234,0.648913741
item_070,Clostridium synthetic_species_007,0.498472512,neutral,neutral,0.482013732,0.46933943
item_071,Bifidobacterium synthetic_species_002,0.474720657,healthy_enriched,healthy_enriched,0.496964782,0.43016243
item_072,Clostridium synthetic_species_008,0.49785772,neutral,neutral,0.498338759,0.64986372
item_073,Alistipes synthetic_species_006,0.504191518,CRC_enriched,neutral,0.500467956,0.451241314
item_074,Alistipes synthetic_species_007,0.497299224,healthy_enriched,neutral,0.513158739,0.40430519
item_075,Agathobacter synthetic_species_001,0.484057605,neutral,healthy_enriched,0.493462712,0.471065164
item_076,Dorea synthetic_species_007,0.523733616,neutral,neutral,0.50041765,0.48792991
item_077,Clostridium synthetic_species_009,0.483647376,healthy_enriched,neutral,0.500492871,0.464850068
item_078,Clostridium synthetic_species_010,0.50043869,neutral,neutral,0.487733573,0.570700824
item_079,Subdoligranulum synthetic_species_009,0.506490886,CRC_enriched,neutral,0.509189069,0.407623738
item_080,Clostridium synthetic_species_011,0.510648608,neutral,neutral,0.519817233,0.621882975
item_081,Bacteroides synthetic_species_003,0.48207733,neutral,neutral,0.498957694,0.513306618
item_082,Ruminococcus synthetic_species_009,0.495069623,neutral,neutral,0.504151881,0.398385406
item_083,Ruminococcus synthetic_species_010,0.49277845,neutral,neutral,0.486275762,0.454792768
item_084,Blautia synthetic_species_008,0.517219782,neutral,neutral,0.504475653,0.407553971
item_085,Peptostreptococcus synthetic_species_001,0.533272028,neutral,CRC_enriched,0.548390806,0.617796063
item_086,Subdoligranulum synthetic_species_010,0.496988624,neutral,neutral,0.500174701,0.58621347
item_087,Alistipes synthetic_species_008,0.491796792,healthy_enriched,neutral,0.512473226,0.424016505
item_088,Dorea synthetic_species_008,0.467094928,neutral,neutral,0.513213396,0.447653651
item_089,Oscillibacter synthetic_species_005,0.505394399,neutral,neutral,0.488323539,0.494013101
item_090,Ruminococcus synthetic_species_011,0.492886901,neutral,neutral,0.493199944,0.529025376
item_091,Faecalibacterium synthetic_species_002,0.472728014,neutral,healthy_enriched,0.467078894,0.377757579
item_092,Ruminococcus synthetic_species_012,0.510744631,neutral,neutral,0.531517267,0.419509441
item_093,Ruminococcus synthetic_species_013,0.482652247,healthy_enriched,neutral,0.49818632,0.565009415
item_094,Blautia synthetic_species_009,0.488983572,healthy_enriched,neutral,0.51501143,0.529844105
item_095,Clostridium synthetic_species_012,0.504471064,CRC_enriched,neutral,0.515597105,0.455477118
item_096,Collinsella synthetic_species_004,0.570439875,neutral,neutral,0.469351947,0.543752253
item_097,Dorea synthetic_species_009,0.492295772,neutral,neutral,0.516352355,0.401269704
item_098,Collinsella synthetic_species_005,0.51901418,CRC_enriched,neutral,0.471303433,0.480135202
item_099,Prevotella synthetic_species_010,0.51965344,CRC_enriched,neutral,0.483589441,0.674240887
item_100,Prevotella synthetic_species_011,0.470539331,healthy_enriched,neutral,0.495788664,0.600782692
item_101,Blautia synthetic_species_010,0.516880274,CRC_enriched,neutral,0.480697274,0.57924068
item_102,Oscillibacter synthetic_species_006,0.524901628,neutral,neutral,0.481723577,0.283125728
item_103,Collinsella synthetic_species_006,0.532037795,neutral,neutral,0.506823659,0.593610883
item_104,Bacteroides synthetic_species_004,0.520730495,neutral,neutral,0.51824975,0.545737326
item_105,Akkermansia synthetic_species_003,0.449038863,neutral,healthy_enriched,0.493960679,0.380444646
item_106,Ruminococcus synthetic_species_014,0.519028485,CRC_enriched,neutral,0.508487165,0.563678861
item_107,Solobacterium synthetic_species_003,0.554464817,CRC_enriched,CRC_enriched,0.537255228,0.487774968
item_108,Oscillibacter synthetic_species_007,0.454139233,neutral,neutral,0.476512671,0.486279964
item_109,Subdoligranulum synthetic_species_011,0.494819373,healthy_enriched,neutral,0.496884495,0.390080154
item_110,Prevotella synthetic_species_012,0.507383108,neutral,neutral,0.556711435,0.505154908
item_111,Prevotella synthetic_species_013,0.501261294,neutral,neutral,0.527506292,0.365777016
item_112,Blautia synthetic_species_011,0.51184386,neutral,neutral,0.4917579,0.564333498
item_113,Clostridium synthetic_species_013,0.549142361,neutral,neutral,0.487791747,0.496568948
item_114,Oscillibacter synthetic_species_008,0.50263077,neutral,neutral,0.503896773,0.449828982
item_115,Collinsella synthetic_species_007,0.525916278,neutral,neutral,0.499816507,0.607822061
item_116,Prevotella synthetic_species_014,0.501009822,neutral,neutral,0.519468844,0.550682425
item_117,Clostridium synthetic_species_014,0.51153177,neutral,neutral,0.464465767,0.411935151
item_118,Blautia synthetic_species_012,0.539811254,neutral,neutral,0.502782226,0.323018432
item_119,Dorea synthetic_species_010,0.490438849,neutral,neutral,0.493679404,0.621788621
item_120,Blautia synthetic_species_013,0.493519336,neutral,neutral,0.47825262,0.389124572
item_121,Alistipes synthetic_species_009,0.52727437,neutral,neutral,0.505955338,0.487712622
item_122,Oscillibacter synthetic_species_009,0.48532173,neutral,neutral,0.496585697,0.413714588
item_123,Bacteroides synthetic_species_005,0.500661671,neutral,neutral,0.494975269,0.558573961
item_124,Oscillibacter synthetic_species_010,0.499781638,neutral,neutral,0.485127568,0.553094566
item_125,Oscillibacter synthetic_species_011,0.464435488,neutral,neutral,0.495575696,0.586909533
item_126,Blautia synthetic_species_014,0.50291115,neutral,neutral,0.491372734,0.51225251
item_127,Oscillibacter synthetic_species_012,0.47677806,neutral,neutral,0.49697414,0.414948344
item_128,Subdoligranulum synthetic_species_012,0.499108106,neutral,neutral,0.479944736,0.436164349
item_129,Prevotella synthetic_species_015,0.481057227,neutral,neutral,0.514156938,0.554033935
item_130,Collinsella synthetic_species_008,0.501235247,neutral,neutral,0.500473857,0.667406559
item_131,Coprococcus synthetic_species_001,0.435098946,healthy_enriched,healthy_enriched,0.49952206,0.462589741
item_132,Subdoligranulum synthetic_species_013,0.503305078,neutral,neutral,0.478199095,0.44583568
item_133,Clostridium synthetic_species_015,0.492233962,healthy_enriched,neutral,0.493543118,0.70686233
item_134,Collinsella synthetic_species_009,0.519992411,neutral,neutral,0.484555155,0.376968145
item_135,Collinsella synthetic_species_010,0.469791442,neutral,neutral,0.482378334,0.498021364
item_136,Prevotella synthetic_species_016,0.465848118,neutral,neutral,0.492512405,0.459654391
item_137,Ruminococcus synthetic_species_015,0.535482168,neutral,neutral,0.477216542,0.486683458
item_138,Dorea synthetic_species_011,0.470439553,neutral,neutral,0.481765896,0.54110986
item_139,Oscillibacter synthetic_species_013,0.514823079,neutral,neutral,0.514675736,0.499643207
item_140,Oscillibacter synthetic_species_014,0.492377579,healthy_enriched,neutral,0.492396414,0.49817577
item_141,Blautia synthetic_species_015,0.497267127,neutral,neutral,0.505548477,0.513213277
item_142,Fusobacterium synthetic_species_001,0.551142156,CRC_enriched,CRC_enriched,0.476501554,0.690811098
item_143,Clostridium synthetic_species_016,0.521757364,neutral,neutral,0.492010087,0.423269957
item_144,Dorea synthetic_species_012,0.48132652,neutral,neutral,0.500934422,0.482840896
item_145,Blautia synthetic_species_016,0.525995672,neutral,neutral,0.521605551,0.537072062
item_146,Dorea synthetic_species_013,0.528497934,neutral,neutral,0.50383538,0.461693436
item_147,Clostridium synthetic_species_017,0.512262106,neutral,neutral,0.476702332,0.581278026
item_148,Roseburia synthetic_species_002,0.465264976,healthy_enriched,healthy_enriched,0.445279062,0.431093335
item_149,Roseburia synthetic_species_003,0.433720648,neutral,healthy_enriched,0.448496819,0.428449064
item_150,Roseburia synthetic_species_004,0.459701747,neutral,healthy_enriched,0.507767916,0.173388347
item_151,Subdoligranulum synthetic_species_014,0.521518648,CRC_enriched,neutral,0.480623335,0.46871382
item_152,Bacteroides synthetic_species_006,0.487755477,healthy_enriched,neutral,0.484450758,0.547354817
item_153,Alistipes synthetic_species_010,0.510996521,neutral,neutral,0.514634252,0.661729515
item_154,Ruminococcus synthetic_species_016,0.524437964,neutral,neutral,0.515247107,0.491800874
item_155,Oscillibacter synthetic_species_015,0.494993001,neutral,neutral,0.545193732,0.411509871
item_156,Ruminococcus synthetic_species_017,0.501844347,neutral,neutral,0.511569798,0.524228036
item_157,Oscillibacter synthetic_species_016,0.470160931,neutral,neutral,0.506085396,0.447218388
item_158,Akkermansia synthetic_species_004,0.437252641,healthy_enriched,healthy_enriched,0.496218085,0.259894937
item_159,Blautia synthetic_species_017,0.525890112,neutral,neutral,0.521053374,0.420083016
item_160,Ruminococcus synthetic_species_018,0.466406554,neutral,neutral,0.521109879,0.557822466
item_161,Collinsella synthetic_species_011,0.516775429,neutral,neutral,0.520939291,0.478204906
item_162,Blautia synthetic_species_018,0.501446962,neutral,neutral,0.512931705,0.517813861
item_163,Prevotella synthetic_species_017,0.495075703,neutral,neutral,0.512369573,0.426564634
item_164,Oscillibacter synthetic_species_017,0.512960315,neutral,neutral,0.478697658,0.482836753
item_165,Dorea synthetic_species_014,0.504308283,neutral,neutral,0.521914959,0.521314621
item_166,Oscillibacter synthetic_species_018,0.501267552,neutral,neutral,0.489436984,0.394988984
item_167,Blautia synthetic_species_019,0.507031977,neutral,neutral,0.473779052,0.418528736
item_168,Oscillibacter synthetic_species_019,0.507188618,neutral,neutral,0.485943049,0.474382043
item_169,Bacteroides synthetic_species_007,0.507039368,neutral,neutral,0.507489622,0.579309285
item_170,Bacteroides synthetic_species_008,0.554139376,neutral,neutral,0.496648163,0.645982862
item_171,Faecalibacterium synthetic_species_003,0.435923487,healthy_enriched,healthy_enriched,0.488177419,0.275902897
item_172,Oscillibacter synthetic_species_020,0.485990077,neutral,neutral,0.468711495,0.435478419
item_173,Subdoligranulum synthetic_species_015,0.512808084,neutral,neutral,0.508713067,0.429000735
item_174,Subdoligranulum synthetic_species_016,0.55569452,neutral,neutral,0.503977001,0.567542911
item_175,Eubacterium synthetic_species_003,0.44862771,healthy_enriched,healthy_enriched,0.505567491,0.341777503
item_176,Alistipes synthetic_species_011,0.553360045,neutral,neutral,0.514773369,0.462034792
item_177,Ruminococcus synthetic_species_019,0.479956418,neutral,neutral,0.519533873,0.443038434
item_178,Campylobacter synthetic_species_001,0.533166945,CRC_enriched,CRC_enriched,0.48423484,0.665081263
item_179,Alistipes synthetic_species_012,0.481372207,neutral,neutral,0.506224036,0.547754586
item_180,Collinsella synthetic_species_012,0.522180378,neutral,neutral,0.4792445,0.408761263
item_181,Blautia synthetic_species_020,0.462827921,neutral,neutral,0.515244126,0.497549534
item_182,Peptostreptococcus synthetic_species_002,0.540808976,neutral,CRC_enriched,0.481428236,0.636864185
item_183,Porphyromonas synthetic_species_001,0.560249448,neutral,CRC_enriched,0.509691894,0.512586772
item_184,Blautia synthetic_species_021,0.502099276,neutral,neutral,0.456272155,0.479863137
item_185,Bifidobacterium synthetic_species_003,0.49869144,neutral,healthy_enriched,0.471129805,0.568265438
item_186,Parvimonas synthetic_species_002,0.572042048,neutral,CRC_enriched,0.531229019,0.693520725
item_187,Collinsella synthetic_species_013,0.511518478,neutral,neutral,0.490933955,0.487619847
item_188,Parvimonas synthetic_species_003,0.54988873,CRC_enriched,CRC_enriched,0.513202548,0.542737246
item_189,Bacteroides synthetic_species_009,0.46177581,healthy_enriched,neutral,0.498884916,0.642445982
item_190,Blautia synthetic_species_022,0.503989339,CRC_enriched,neutral,0.511089563,0.405273944
item_191,Dorea synthetic_species_015,0.475473911,neutral,neutral,0.487032354,0.546726584
item_192,Alistipes synthetic_species_013,0.500907302,neutral,neutral,0.491248846,0.588019907
item_193,Bacteroides synthetic_species_010,0.495160431,neutral,neutral,0.522145092,0.391345024
item_194,Subdoligranulum synthetic_species_017,0.52048564,neutral,neutral,0.512973845,0.485540926
item_195,Oscillibacter synthetic_species_021,0.508442402,neutral,neutral,0.48462972,0.233796954
item_196,Subdoligranulum synthetic_species_018,0.50135231,neutral,neutral,0.521067739,0.607396543
item_197,Prevotella synthetic_species_018,0.534655988,CRC_enriched,neutral,0.448768795,0.282917023
item_198,Bacteroides synthetic_species_011,0.538373709,CRC_enriched,neutral,0.479639709,0.428292364
item_199,Alistipes synthetic_species_014,0.523521781,neutral,neutral,0.514830828,0.552524209
item_200,Prevotella synthetic_species_019,0.511787534,neutral,neutral,0.493417591,0.546726048
item_201,Dorea synthetic_species_016,0.489853621,healthy_enriched,neutral,0.528170347,0.631725192
item_202,Blautia synthetic_species_023,0.51430124,neutral,neutral,0.504503608,0.46472913
item_203,Prevotella synthetic_species_020,0.49514845,neutral,neutral,0.490012765,0.404951423
item_204,Ruminococcus synthetic_species_020,0.488401711,neutral,neutral,0.456107974,0.426216543
item_205,Collinsella synthetic_species_014,0.485973179,healthy_enriched,neutral,0.496532947,0.596246302
item_206,Eubacterium synthetic_species_004,0.486659646,neutral,healthy_enriched,0.508709848,0.414217502
item_207,Dorea synthetic_species_017,0.502206266,CRC_enriched,neutral,0.492376626,0.645469308
item_208,Collinsella synthetic_species_015,0.505796075,neutral,neutral,0.537667572,0.438937068
item_209,Subdoligranulum synthetic_species_019,0.491706461,neutral,neutral,0.487274855,0.560961902
item_210,Ruminococcus synthetic_species_021,0.505993187,CRC_enriched,neutral,0.502547741,0.608825147
item_211,Bacteroides synthetic_species_012,0.509691894,neutral,neutral,0.480079919,0.479704261
item_212,Oscillibacter synthetic_species_022,0.510042071,neutral,neutral,0.51912272,0.467547357
item_213,Collinsella synthetic_species_016,0.516561747,neutral,neutral,0.461562276,0.578792036
item_214,Dorea synthetic_species_018,0.521278024,CRC_enriched,neutral,0.520182192,0.623845339
item_215,Clostridium synthetic_species_018,0.498531312,neutral,neutral,0.493358642,0.725595653
item_216,Subdoligranulum synthetic_species_020,0.501916289,neutral,neutral,0.504536211,0.444352418
item_217,Prevotella synthetic_species_021,0.508936703,neutral,neutral,0.467915356,0.365033358
item_218,Oscillibacter synthetic_species_023,0.511776149,CRC_enriched,neutral,0.489079803,0.448171377
item_219,Blautia synthetic_species_024,0.506970227,CRC_enriched,neutral,0.518702924,0.45511803
item_220,Collinsella synthetic_species_017,0.492644459,healthy_enriched,neutral,0.509115994,0.455301493
item_221,Bifidobacterium synthetic_species_004,0.440506846,healthy_enriched,healthy_enriched,0.507121384,0.167104736
item_222,Ruminococcus synthetic_species_022,0.533854306,neutral,neutral,0.500556052,0.517603755
item_223,Bifidobacterium synthetic_species_005,0.447188884,healthy_enriched,healthy_enriched,0.468407422,0.510657489
item_224,Collinsella synthetic_species_018,0.462828487,neutral,neutral,0.51834631,0.535541058
item_225,Subdoligranulum synthetic_species_021,0.529111981,neutral,neutral,0.481548011,0.556718171
item_226,Porphyromonas synthetic_species_002,0.554590046,neutral,CRC_enriched,0.512413144,0.564612925
item_227,Clostridium synthetic_species_019,0.539760232,neutral,neutral,0.544121385,0.480481088
item_228,Dorea synthetic_species_019,0.523107827,CRC_enriched,neutral,0.509355187,0.470760584
item_229,Ruminococcus synthetic_species_023,0.496815026,neutral,neutral,0.477034748,0.478422165
item_230,Ruminococcus synthetic_species_024,0.497445494,neutral,neutral,0.490145236,0.504225075
item_231,Morganella synthetic_species_001,0.564817548,CRC_enriched,CRC_enriched,0.480818063,0.60239327
item_232,Oscillibacter synthetic_species_024,0.470932662,neutral,neutral,0.506376207,0.40492183
item_233,Alistipes synthetic_species_015,0.512412667,neutral,neutral,0.476828605,0.578533411
item_234,Oscillibacter synthetic_species_025,0.511661649,neutral,neutral,0.479343742,0.441822231
item_235,Collinsella synthetic_species_019,0.532101274,neutral,neutral,0.502485454,0.473215938
item_236,Fusobacterium synthetic_species_002,0.549597442,neutral,CRC_enriched,0.521947205,0.851644099
item_237,Clostridium synthetic_species_020,0.466799855,neutral,neutral,0.493628323,0.490084797
item_238,Prevotella synthetic_species_022,0.533236802,neutral,neutral,0.481908053,0.349151164
item_239,Oscillibacter synthetic_species_026,0.530955851,neutral,neutral,0.479417086,0.513784766
item_240,Dorea synthetic_species_020,0.522135794,CRC_enriched,neutral,0.504444718,0.589322329
item_241,Subdoligranulum synthetic_species_022,0.497909963,neutral,neutral,0.490611106,0.40555501
item_242,Dorea synthetic_species_021,0.514351904,neutral,neutral,0.499444306,0.483784735
item_243,Bacteroides synthetic_species_013,0.541830063,neutral,neutral,0.511384428,0.547188461
item_244,Clostridium synthetic_species_021,0.513434231,neutral,neutral,0.515254438,0.384749115
item_245,Clostridium synthetic_species_022,0.498070717,neutral,neutral,0.515608907,0.462572902
item_246,Ruminococcus synthetic_species_025,0.501807928,neutral,neutral,0.49538216,0.405468434
item_247,Roseburia synthetic_species_005,0.436140686,healthy_enriched,healthy_enriched,0.510698438,0.45707193
item_248,Oscillibacter synthetic_species_027,0.489799976,healthy_enriched,neutral,0.511725247,0.662967205
item_249,Campylobacter synthetic_species_002,0.525076151,neutral,CRC_enriched,0.512262225,0.533423781
item_250,Alistipes synthetic_species_016,0.507136464,neutral,neutral,0.503153026,0.544346392
item_251,Solobacterium synthetic_species_004,0.544174016,neutral,CRC_enriched,0.53389585,0.77043891
item_252,Parvimonas synthetic_species_004,0.555824399,neutral,CRC_enriched,0.507888854,0.574672997
item_253,Prevotella synthetic_species_023,0.50826025,CRC_enriched,neutral,0.48148492,0.383144617
item_254,Blautia synthetic_species_025,0.53724879,neutral,neutral,0.496568531,0.520973027
item_255,Oscillibacter synthetic_species_028,0.507180154,neutral,neutral,0.496110111,0.567136467
item_256,Morganella synthetic_species_002,0.535127044,neutral,CRC_enriched,0.518802524,0.844633698
item_257,Dorea synthetic_species_022,0.497303307,neutral,neutral,0.50707829,0.467341989
item_258,Prevotella synthetic_species_024,0.499208599,neutral,neutral,0.471949905,0.559088707
item_259,Collinsella synthetic_species_020,0.503115058,neutral,neutral,0.467498988,0.50329107
item_260,Blautia synthetic_species_026,0.489821911,neutral,neutral,0.47917518,0.557869375
item_261,Morganella synthetic_species_003,0.572527587,CRC_enriched,CRC_enriched,0.54993999,0.639713705
item_262,Prevotella synthetic_species_025,0.504877269,neutral,neutral,0.490715027,0.49991399
item_263,Blautia synthetic_species_027,0.50860393,neutral,neutral,0.475814551,0.464912027
item_264,Collinsella synthetic_species_021,0.541868746,neutral,neutral,0.480368704,0.427693009
item_265,Collinsella synthetic_species_022,0.579649687,neutral,neutral,0.502308965,0.470229954
item_266,Bacteroides synthetic_species_014,0.441775918,neutral,neutral,0.509818673,0.406950891
item_267,Bacteroides synthetic_species_015,0.512974918,CRC_enriched,neutral,0.461493939,0.505687952
item_268,Blautia synthetic_species_028,0.495002896,neutral,neutral,0.496397734,0.41166383
item_269,Prevotella synthetic_species_026,0.49869442,neutral,neutral,0.489445657,0.435367614
item_270,Blautia synthetic_species_029,0.535432816,neutral,neutral,0.501290441,0.50282532
item_271,Fusobacterium synthetic_species_003,0.565259457,neutral,CRC_enriched,0.489201874,0.526166022
item_272,Oscillibacter synthetic_species_029,0.519846857,CRC_enriched,neutral,0.502854764,0.296105564
item_273,Ruminococcus synthetic_species_026,0.506579399,neutral,neutral,0.456169128,0.385160416
item_274,Dorea synthetic_species_023,0.497511089,neutral,neutral,0.474109262,0.555965722
item_275,Ruminococcus synthetic_species_027,0.513031781,CRC_enriched,neutral,0.550884187,0.510899901
item_276,Dorea synthetic_species_024,0.521473825,neutral,neutral,0.484962136,0.424910665
item_277,Collinsella synthetic_species_023,0.545210958,CRC_enriched,neutral,0.510236979,0.539361715
item_278,Blautia synthetic_species_030,0.539901376,CRC_enriched,neutral,0.518329203,0.613794982
item_279,Blautia synthetic_species_031,0.479099065,neutral,neutral,0.525976241,0.444397956
item_280,Subdoligranulum synthetic_species_023,0.520716131,neutral,neutral,0.534296453,0.363781512
item_281,Prevotella synthetic_species_027,0.469940811,healthy_enriched,neutral,0.491091579,0.494002283
item_282,Oscillibacter synthetic_species_030,0.559749782,neutral,neutral,0.487118036,0.54696548
item_283,Agathobacter synthetic_species_002,0.405645013,healthy_enriched,healthy_enriched,0.529877245,0.415592074
item_284,Eubacterium synthetic_species_005,0.463287681,healthy_enriched,healthy_enriched,0.475349933,0.364144027
item_285,Subdoligranulum synthetic_species_024,0.478565156,healthy_enriched,neutral,0.481567651,0.522077501
item_286,Clostridium synthetic_species_023,0.50323379,CRC_enriched,neutral,0.492558479,0.555023909
item_287,Prevotella synthetic_species_028,0.489857882,neutral,neutral,0.525841296,0.529191852
item_288,Prevotella synthetic_species_029,0.510247707,CRC_enriched,neutral,0.507692873,0.417106867
item_289,Coprococcus synthetic_species_002,0.439253598,healthy_enriched,healthy_enriched,0.462851375,0.345812768
item_290,Clostridium synthetic_species_024,0.494985461,neutral,neutral,0.524261594,0.447306186
item_291,Bacteroides synthetic_species_016,0.482506454,neutral,neutral,0.47935459,0.533042133
item_292,Blautia synthetic_species_032,0.528829634,neutral,neutral,0.502588212,0.480134159
item_293,Collinsella synthetic_species_024,0.472386837,healthy_enriched,neutral,0.493837327,0.516477108
item_294,Subdoligranulum synthetic_species_025,0.508188426,neutral,neutral,0.516666472,0.494812071
item_295,Clostridium synthetic_species_025,0.504630566,neutral,neutral,0.524745524,0.501670718
item_296,Subdoligranulum synthetic_species_026,0.514524519,CRC_enriched,neutral,0.526537299,0.41441381
item_297,Bacteroides synthetic_species_017,0.49473387,neutral,neutral,0.489526927,0.429922789
item_298,Clostridium synthetic_species_026,0.50870502,neutral,neutral,0.513238251,0.501548588
item_299,Ruminococcus synthetic_species_028,0.486931741,neutral,neutral,0.533790648,0.442167759
item_300,Collinsella synthetic_species_025,0.528339267,neutral,neutral,0.508841336,0.489310026
item_301,Oscillibacter synthetic_species_031,0.483827293,healthy_enriched,neutral,0.520690382,0.477401823
item_302,Oscillibacter synthetic_species_032,0.496146977,neutral,neutral,0.487405151,0.511488438
item_303,Alistipes synthetic_species_017,0.517267942,neutral,neutral,0.495448977,0.460247517
item_304,Alistipes synthetic_species_018,0.573625982,neutral,neutral,0.482046992,0.410219431
item_305,Clostridium synthetic_species_027,0.500545442,neutral,neutral,0.482207388,0.404122889
item_306,Oscillibacter synthetic_species_033,0.470912069,healthy_enriched,neutral,0.561459601,0.541235864
item_307,Blautia synthetic_species_033,0.494285733,neutral,neutral,0.507382274,0.440900356
item_308,Bacteroides synthetic_species_018,0.482952863,neutral,neutral,0.51102984,0.512174368
item_309,Roseburia synthetic_species_006,0.445193976,healthy_enriched,healthy_enriched,0.507903755,0.515356362
item_310,Clostridium synthetic_species_028,0.497882009,neutral,neutral,0.510511935,0.431066602
item_311,Solobacterium synthetic_species_005,0.574714243,neutral,CRC_enriched,0.494321465,0.777520657
item_312,Morganella synthetic_species_004,0.563808978,CRC_enriched,CRC_enriched,0.549262881,0.75563091
item_313,Gemella synthetic_species_002,0.562544167,CRC_enriched,CRC_enriched,0.526045859,0.51132679
item_314,Dorea synthetic_species_025,0.493872881,neutral,neutral,0.498277038,0.484375864
item_315,Prevotella synthetic_species_030,0.471699089,neutral,neutral,0.490098536,0.490395039
item_316,Clostridium synthetic_species_029,0.498453379,neutral,neutral,0.520988345,0.529375255
item_317,Akkermansia synthetic_species_005,0.46427843,healthy_enriched,healthy_enriched,0.455099881,0.489638358
item_318,Bacteroides synthetic_species_019,0.483629048,healthy_enriched,neutral,0.515925646,0.540949106
item_319,Dorea synthetic_species_026,0.506694376,neutral,neutral,0.524860382,0.438186586
item_320,Ruminococcus synthetic_species_029,0.524474263,neutral,neutral,0.487852275,0.461759061
item_321,Clostridium synthetic_species_030,0.498714834,neutral,neutral,0.485785842,0.480936497
item_322,Clostridium synthetic_species_031,0.510134637,neutral,neutral,0.490472972,0.535539925
item_323,Alistipes synthetic_species_019,0.477705896,healthy_enriched,neutral,0.497500896,0.394847035
item_324,Subdoligranulum synthetic_species_027,0.49925822,neutral,neutral,0.484548509,0.498061448
item_325,Roseburia synthetic_species_007,0.460839719,neutral,healthy_enriched,0.503918171,0.284729362
item_326,Clostridium synthetic_species_032,0.499770761,neutral,neutral,0.487280041,0.530348361
item_327,Clostridium synthetic_species_033,0.50822413,CRC_enriched,neutral,0.500720024,0.550630033
item_328,Prevotella synthetic_species_031,0.5076406,neutral,neutral,0.478669643,0.529126167
item_329,Blautia synthetic_species_034,0.508902073,neutral,neutral,0.495581478,0.511178315
item_330,Alistipes synthetic_species_020,0.443602234,neutral,neutral,0.501645803,0.568241835
item_331,Alistipes synthetic_species_021,0.485420138,neutral,neutral,0.535681427,0.454777062
item_332,Bacteroides synthetic_species_020,0.501192451,neutral,neutral,0.50818634,0.312320113
item_333,Clostridium synthetic_species_034,0.466347218,neutral,neutral,0.480781883,0.400767624
item_334,Oscillibacter synthetic_species_034,0.483126789,healthy_enriched,neutral,0.505845964,0.433716238
item_335,Collinsella synthetic_species_026,0.516471088,CRC_enriched,neutral,0.467706263,0.486091197
item_336,Clostridium synthetic_species_035,0.508748531,neutral,neutral,0.507781148,0.514292777
item_337,Peptostreptococcus synthetic_species_003,0.567807376,CRC_enriched,CRC_enriched,0.542745948,0.469823271
item_338,Collinsella synthetic_species_027,0.482003421,healthy_enriched,neutral,0.47940442,0.719829261
item_339,Clostridium synthetic_species_036,0.516362906,neutral,neutral,0.493710876,0.551075161
item_340,Dorea synthetic_species_027,0.480433345,neutral,neutral,0.499776453,0.592065156
item_341,Blautia synthetic_species_035,0.519185483,CRC_enriched,neutral,0.502932906,0.442322701
item_342,Prevotella synthetic_species_032,0.495664775,neutral,neutral,0.492085099,0.51236093
item_343,Collinsella synthetic_species_028,0.483600855,neutral,neutral,0.501821458,0.482483029
item_344,Oscillibacter synthetic_species_035,0.497651726,healthy_enriched,neutral,0.568585873,0.436800838
item_345,Campylobacter synthetic_species_003,0.576202214,CRC_enriched,CRC_enriched,0.480421096,0.640278399
item_346,Ruminococcus synthetic_species_030,0.491246521,neutral,neutral,0.520520449,0.560891569
item_347,Collinsella synthetic_species_029,0.499784499,neutral,neutral,0.508174419,0.504928231
item_348,Gemella synthetic_species_003,0.529378295,CRC_enriched,CRC_enriched,0.516903818,0.782149076
item_349,Subdoligranulum synthetic_species_028,0.469915658,neutral,neutral,0.496345073,0.391710132
item_350,Oscillibacter synthetic_species_036,0.475583971,neutral,neutral,0.481536865,0.504836977
item_351,Oscillibacter synthetic_species_037,0.511808157,neutral,neutral,0.471966654,0.493121386
item_352,Clostridium synthetic_species_037,0.524456441,CRC_enriched,neutral,0.525038421,0.511901855
item_353,Eubacterium synthetic_species_006,0.447877169,healthy_enriched,healthy_enriched,0.447368413,0.424671561
item_354,Anaerostipes synthetic_species_002,0.453409135,neutral,healthy_enriched,0.476229757,0.253766328
item_355,Dorea synthetic_species_028,0.475355208,neutral,neutral,0.484242499,0.503812432
item_356,Dorea synthetic_species_029,0.480114877,neutral,neutral,0.534300506,0.649036467
item_357,Subdoligranulum synthetic_species_029,0.510059834,CRC_enriched,neutral,0.478175402,0.529244184
item_358,Oscillibacter synthetic_species_038,0.501128316,neutral,neutral,0.470199436,0.386437595
item_359,Morganella synthetic_species_005,0.471121639,neutral,CRC_enriched,0.530377507,0.634320915
item_360,Blautia synthetic_species_036,0.466847897,neutral,neutral,0.487896621,0.583663285
item_361,Prevotella synthetic_species_033,0.50331527,neutral,neutral,0.541864574,0.512997389
item_362,Roseburia synthetic_species_008,0.430389702,healthy_enriched,healthy_enriched,0.431956083,0.325695276
item_363,Alistipes synthetic_species_022,0.484752804,neutral,neutral,0.507193625,0.550790727
item_364,Blautia synthetic_species_037,0.493341178,neutral,neutral,0.490566492,0.450605273
item_365,Ruminococcus synthetic_species_031,0.484898806,healthy_enriched,neutral,0.510547519,0.519192755
item_366,Blautia synthetic_species_038,0.484982193,neutral,neutral,0.519551814,0.49134174
item_367,Oscillibacter synthetic_species_039,0.508456409,CRC_enriched,neutral,0.477370441,0.491160631
item_368,Ruminococcus synthetic_species_032,0.476668388,healthy_enriched,neutral,0.480739385,0.609116673
item_369,Subdoligranulum synthetic_species_030,0.50375843,neutral,neutral,0.487854749,0.618350923
item_370,Collinsella synthetic_species_030,0.489726037,neutral,neutral,0.519773841,0.490959823
item_371,Oscillibacter synthetic_species_040,0.471155554,healthy_enriched,neutral,0.490303516,0.629640281
item_372,Bacteroides synthetic_species_021,0.520382702,neutral,neutral,0.505434752,0.517293632
item_373,Alistipes synthetic_species_023,0.506079495,neutral,neutral,0.491396278,0.34923166
item_374,Subdoligranulum synthetic_species_031,0.482533455,healthy_enriched,neutral,0.486031622,0.628225386
item_375,Oscillibacter synthetic_species_041,0.515596628,neutral,neutral,0.49551335,0.475809872
item_376,Agathobacter synthetic_species_003,0.455207407,healthy_enriched,healthy_enriched,0.470457464,0.204368636
item_377,Bacteroides synthetic_species_022,0.489159852,neutral,neutral,0.509610236,0.506218612
item_378,Bacteroides synthetic_species_023,0.511654973,neutral,neutral,0.493776292,0.656076491
item_379,Dorea synthetic_species_030,0.509801686,CRC_enriched,neutral,0.486443877,0.502918184
item_380,Akkermansia synthetic_species_006,0.448213339,healthy_enriched,healthy_enriched,0.462597102,0.478938311
item_381,Ruminococcus synthetic_species_033,0.461484849,neutral,neutral,0.503773868,0.466705948
item_382,Oscillibacter synthetic_species_042,0.505524397,neutral,neutral,0.517127573,0.445887148
item_383,Collinsella synthetic_species_031,0.512486756,CRC_enriched,neutral,0.505639672,0.649307609
item_384,Prevotella synthetic_species_034,0.499504596,neutral,neutral,0.482196778,0.506382167
item_385,Collinsella synthetic_species_032,0.551492512,CRC_enriched,neutral,0.459578097,0.528745174
item_386,Ruminococcus synthetic_species_034,0.491374731,neutral,neutral,0.489544988,0.57960844
item_387,Alistipes synthetic_species_024,0.51072526,neutral,neutral,0.469963074,0.535259306
item_388,Solobacterium synthetic_species_006,0.557688415,CRC_enriched,CRC_enriched,0.492946982,0.586845815
item_389,Alistipes synthetic_species_025,0.502940178,neutral,neutral,0.552756608,0.468755394
item_390,Morganella synthetic_species_006,0.604552567,neutral,CRC_enriched,0.512434006,0.666696787
item_391,Oscillibacter synthetic_species_043,0.531608045,neutral,neutral,0.491044223,0.347510189
item_392,Clostridium synthetic_species_038,0.49837321,neutral,neutral,0.520017564,0.387726873
item_393,Bacteroides synthetic_species_024,0.539228559,neutral,neutral,0.494110852,0.645928085
item_394,Subdoligranulum synthetic_species_032,0.532751441,CRC_enriched,neutral,0.50268358,0.454877257
item_395,Dorea synthetic_species_031,0.476003528,neutral,neutral,0.476494282,0.557482898
item_396,Clostridium synthetic_species_039,0.495444208,neutral,neutral,0.490898222,0.406178206
item_397,Prevotella synthetic_species_035,0.505292416,neutral,neutral,0.479176313,0.543467462
item_398,Clostridium synthetic_species_040,0.509128273,neutral,neutral,0.488773286,0.461278826
item_399,Ruminococcus synthetic_species_035,0.546653807,neutral,neutral,0.496463358,0.545472145
item_400,Clostridium synthetic_species_041,0.487084031,healthy_enriched,neutral,0.504130721,0.552235305
item_401,Alistipes synthetic_species_026,0.5260517,neutral,neutral,0.505097091,0.598169386
item_402,Subdoligranulum synthetic_species_033,0.519242346,CRC_enriched,neutral,0.504083872,0.426657945
item_403,Clostridium synthetic_species_042,0.528973043,neutral,neutral,0.491153419,0.499566555
item_404,Dorea synthetic_species_032,0.521336734,neutral,neutral,0.516168535,0.466896772
item_405,Dorea synthetic_species_033,0.493276626,neutral,neutral,0.494674236,0.494912118
item_406,Bacteroides synthetic_species_025,0.496339649,neutral,neutral,0.501974344,0.461089581
item_407,Alistipes synthetic_species_027,0.503021479,neutral,neutral,0.50873965,0.456639916
item_408,Clostridium synthetic_species_043,0.539406598,CRC_enriched,neutral,0.481291443,0.561102688
item_409,Oscillibacter synthetic_species_044,0.491091818,healthy_enriched,neutral,0.479506135,0.56558001
item_410,Subdoligranulum synthetic_species_034,0.501443386,neutral,neutral,0.509888887,0.483992726
item_411,Bacteroides synthetic_species_026,0.501491666,neutral,neutral,0.53328079,0.345031321
item_412,Alistipes synthetic_species_028,0.507124186,neutral,neutral,0.49830249,0.592452407
item_413,Clostridium synthetic_species_044,0.49419266,neutral,neutral,0.499384671,0.502123773
item_414,Ruminococcus synthetic_species_036,0.514955521,neutral,neutral,0.497588664,0.489390224
item_415,Alistipes synthetic_species_029,0.522899568,CRC_enriched,neutral,0.539696634,0.47756207
item_416,Alistipes synthetic_species_030,0.492618829,neutral,neutral,0.489783287,0.415103853
item_417,Subdoligranulum synthetic_species_035,0.503917515,neutral,neutral,0.487076283,0.420265585
item_418,Oscillibacter synthetic_species_045,0.492981434,neutral,neutral,0.493940532,0.481585592
item_419,Bacteroides synthetic_species_027,0.50743711,CRC_enriched,neutral,0.49593237,0.345769972
item_420,Bifidobacterium synthetic_species_006,0.450742275,healthy_enriched,healthy_enriched,0.466867507,0.451685816
item_421,Collinsella synthetic_species_033,0.514182448,neutral,neutral,0.476989597,0.609313965
item_422,Oscillibacter synthetic_species_046,0.522907495,neutral,neutral,0.505296826,0.589146972
item_423,Blautia synthetic_species_039,0.53002888,neutral,neutral,0.503462493,0.431753159
item_424,Blautia synthetic_species_040,0.500341177,neutral,neutral,0.509649217,0.504973292
item_425,Collinsella synthetic_species_034,0.506806314,CRC_enriched,neutral,0.50346607,0.574893594
item_426,Solobacterium synthetic_species_007,0.551009715,neutral,CRC_enriched,0.49829483,0.706313252
item_427,Bifidobacterium synthetic_species_007,0.427668333,healthy_enriched,healthy_enriched,0.509179592,0.38959077
item_428,Collinsella synthetic_species_035,0.483554065,neutral,neutral,0.500117838,0.496259093
item_429,Prevotella synthetic_species_036,0.504592538,neutral,neutral,0.499070138,0.507062912
item_430,Bacteroides synthetic_species_028,0.51422894,neutral,neutral,0.498198956,0.39993754
item_431,Dorea synthetic_species_034,0.495007008,neutral,neutral,0.483156294,0.685752988
item_432,Dorea synthetic_species_035,0.488496184,healthy_enriched,neutral,0.483246982,0.641096473
item_433,Oscillibacter synthetic_species_047,0.500501394,neutral,neutral,0.51602757,0.482806146
item_434,Bacteroides synthetic_species_029,0.50665009,neutral,neutral,0.465380192,0.499487787
item_435,Oscillibacter synthetic_species_048,0.490499228,neutral,neutral,0.501277149,0.483887553
item_436,Bacteroides synthetic_species_030,0.491562307,neutral,neutral,0.518015742,0.454806805
item_437,Dorea synthetic_species_036,0.482333422,neutral,neutral,0.485866934,0.606055498
item_438,Dorea synthetic_species_037,0.505847335,neutral,neutral,0.498979837,0.454893261
item_439,Collinsella synthetic_species_036,0.477432609,healthy_enriched,neutral,0.477072924,0.510285318
item_440,Bacteroides synthetic_species_031,0.53496021,neutral,neutral,0.520143986,0.432359815
item_441,Clostridium synthetic_species_045,0.451470107,neutral,neutral,0.487314552,0.581384122
item_442,Prevotella synthetic_species_037,0.487411529,neutral,neutral,0.536630869,0.550995886
item_443,Clostridium synthetic_species_046,0.507337332,CRC_enriched,neutral,0.511372924,0.619464695
item_444,Collinsella synthetic_species_037,0.495157123,neutral,neutral,0.502489686,0.439365953
item_445,Oscillibacter synthetic_species_049,0.488387406,neutral,neutral,0.49809736,0.524301946
item_446,Subdoligranulum synthetic_species_036,0.512394786,CRC_enriched,neutral,0.499290466,0.563446045
item_447,Oscillibacter synthetic_species_050,0.492386907,neutral,neutral,0.486020565,0.632389724
item_448,Dorea synthetic_species_038,0.490573317,healthy_enriched,neutral,0.499099702,0.396273792
item_449,Porphyromonas synthetic_species_003,0.524055421,neutral,CRC_enriched,0.507953525,0.559284091
item_450,Blautia synthetic_species_041,0.498883963,neutral,neutral,0.488545179,0.519021869
item_451,Solobacterium synthetic_species_008,0.577211082,neutral,CRC_enriched,0.479493827,0.759465575
item_452,Clostridium synthetic_species_047,0.503777325,neutral,neutral,0.503391743,0.386967748
item_453,Dorea synthetic_species_039,0.509383023,neutral,neutral,0.486200541,0.590735137
item_454,Dorea synthetic_species_040,0.517156422,CRC_enriched,neutral,0.540203989,0.447762847
item_455,Prevotella synthetic_species_038,0.49053973,neutral,neutral,0.525461495,0.225712791
item_456,Prevotella synthetic_species_039,0.486032397,neutral,neutral,0.530977905,0.448866844
item_457,Oscillibacter synthetic_species_051,0.528423965,neutral,neutral,0.493428975,0.575394452
item_458,Morganella synthetic_species_007,0.557907701,neutral,CRC_enriched,0.527143776,0.747367859
item_459,Gemella synthetic_species_004,0.589175284,neutral,CRC_enriched,0.510609448,0.614911377
item_460,Ruminococcus synthetic_species_037,0.527632117,neutral,neutral,0.47166127,0.486509025
item_461,Bacteroides synthetic_species_032,0.524129212,CRC_enriched,neutral,0.511735439,0.48560515
item_462,Bacteroides synthetic_species_033,0.504264474,CRC_enriched,neutral,0.501442432,0.513661206
item_463,Blautia synthetic_species_042,0.50799787,neutral,neutral,0.51417762,0.325714767
item_464,Blautia synthetic_species_043,0.453747332,neutral,neutral,0.527370989,0.468332976
item_465,Peptostreptococcus synthetic_species_004,0.557024717,neutral,CRC_enriched,0.499792725,0.664412796
item_466,Prevotella synthetic_species_040,0.516526818,CRC_enriched,neutral,0.503420532,0.507738531
item_467,Bacteroides synthetic_species_034,0.508798718,CRC_enriched,neutral,0.524258971,0.475676835
item_468,Blautia synthetic_species_044,0.468514472,neutral,neutral,0.527750134,0.619815469
item_469,Blautia synthetic_species_045,0.511111498,neutral,neutral,0.512513757,0.559660077
item_470,Peptostreptococcus synthetic_species_005,0.515096426,CRC_enriched,CRC_enriched,0.532760799,0.647560656
item_471,Solobacterium synthetic_species_009,0.553215265,CRC_enriched,CRC_enriched,0.486688554,0.590171635
item_472,Oscillibacter synthetic_species_052,0.51452589,CRC_enriched,neutral,0.4727754,0.453331828
item_473,Collinsella synthetic_species_038,0.518749714,CRC_enriched,neutral,0.480258852,0.567757845
item_474,Alistipes synthetic_species_031,0.455800354,neutral,neutral,0.474067837,0.51307404
item_475,Bacteroides synthetic_species_035,0.509745479,neutral,neutral,0.518963933,0.488499522
item_476,Clostridium synthetic_species_048,0.495749503,neutral,neutral,0.535062075,0.35736692
item_477,Agathobacter synthetic_species_004,0.448693484,neutral,healthy_enriched,0.476681054,0.436919868
item_478,Ruminococcus synthetic_species_038,0.540614009,neutral,neutral,0.496724695,0.4452025
item_479,Bacteroides synthetic_species_036,0.510481834,CRC_enriched,neutral,0.471420646,0.423322976
item_480,Oscillibacter synthetic_species_053,0.514189124,neutral,neutral,0.501684725,0.549348533
item_481,Subdoligranulum synthetic_species_037,0.486722082,neutral,neutral,0.503008127,0.451424092
item_482,Dorea synthetic_species_041,0.529957116,neutral,neutral,0.498998642,0.489334375
item_483,Peptostreptococcus synthetic_species_006,0.574305713,CRC_enriched,CRC_enriched,0.463770598,0.557098567
item_484,Blautia synthetic_species_046,0.515404284,CRC_enriched,neutral,0.492268682,0.547218263
item_485,Oscillibacter synthetic_species_054,0.509381413,neutral,neutral,0.524522126,0.651096761
item_486,Collinsella synthetic_species_039,0.532025158,neutral,neutral,0.497297287,0.422947079
item_487,Bacteroides synthetic_species_037,0.499979258,neutral,neutral,0.5,0.359462351
item_488,Parvimonas synthetic_species_005,0.515259802,neutral,CRC_enriched,0.529512107,0.60574919
item_489,Bacteroides synthetic_species_038,0.502412081,neutral,neutral,0.476258278,0.380576491
item_490,Dorea synthetic_species_042,0.496104479,neutral,neutral,0.478042096,0.475699723
item_491,Dorea synthetic_species_043,0.519187272,neutral,neutral,0.480001628,0.416694492
item_492,Collinsella synthetic_species_040,0.526898146,CRC_enriched,neutral,0.506489873,0.726394236
item_493,Clostridium synthetic_species_049,0.472871035,neutral,neutral,0.496902496,0.524852216
item_494,Prevotella synthetic_species_041,0.519351244,CRC_enriched,neutral,0.495716512,0.496716529
item_495,Subdoligranulum synthetic_species_038,0.454613149,neutral,neutral,0.487155646,0.47146529
item_496,Alistipes synthetic_species_032,0.518843889,CRC_enriched,neutral,0.513773799,0.467630774
item_497,Agathobacter synthetic_species_005,0.449558228,healthy_enriched,healthy_enriched,0.475377142,0.429418385
item_498,Roseburia synthetic_species_009,0.42361933,healthy_enriched,healthy_enriched,0.447367072,0.550859392
item_499,Ruminococcus synthetic_species_039,0.497952163,neutral,neutral,0.488440752,0.38923648
