item_id,resistance_marker,virulence_marker,inflammation_marker,metabolic_marker,beneficial_marker
item_000,0,0,0,0,0
item_001,0,1,1,1,0
item_002,0,1,0,0,0
item_003,0,0,1,1,0
item_004,0,0,0,0,0
item_005,0,1,0,1,0
item_006,0,1,0,1,0
item_007,0,1,0,1,0
item_008,0,0,1,1,0
item_009,0,1,1,1,0
item_010,1,1,0,1,0
item_011,0,0,0,0,0
item_012,0,0,1,1,1
item_013,0,0,1,0,0
item_014,0,1,1,1,0
item_015,0,0,0,1,0
item_016,0,0,1,1,0
item_017,1,1,1,0,0
item_018,0,0,0,0,0
item_019,0,0,0,0,0
item_020,0,0,0,0,1
item_021,0,0,0,1,0
item_022,0,0,0,1,1
item_023,0,0,0,1,1
item_024,0,0,0,1,1
item_025,0,0,0,1,1
item_026,0,0,0,1,0
item_027,0,0,0,0,1
item_028,0,0,0,1,0
item_029,0,0,0,1,0
item_030,0,0,0,0,1
item_031,0,0,0,1,1
item_032,0,0,1,1,1
item_033,0,0,0,1,0
item_034,0,0,0,0,0
item_035,0,0,0,1,0
item_036,0,0,0,0,0
item_037,0,0,0,0,1
item_038,0,0,0,1,0
item_039,0,0,0,1,1
item_040,0,0,0,0,0
item_041,0,0,0,1,0
item_042,0,0,0,0,0
item_043,1,0,0,1,1
item_044,1,1,1,1,0
item_045,0,0,0,1,1
item_046,0,0,1,1,0
item_047,0,0,0,0,0
item_048,0,0,0,1,0
item_049,0,0,1,1,0
item_050,1,0,0,0,0
item_051,0,0,1,1,0
item_052,0,0,0,1,1
item_053,0,0,0,1,0
item_054,1,0,0,1,0
item_055,0,0,0,0,1
item_056,0,0,0,1,0
item_057,0,0,0,0,0
item_058,0,0,0,0,0
item_059,0,0,0,1,0
item_060,0,0,0,1,0
item_061,0,0,0,1,0
item_062,0,1,1,0,0
item_063,0,0,0,1,0
item_064,0,0,0,1,0
item_065,0,0,0,1,1
item_066,0,0,1,1,1
item_067,0,0,0,1,1
item_068,0,0,0,1,1
item_069,0,0,0,0,0
item_070,0,0,1,1,0
item_071,0,1,0,0,1
item_072,0,0,0,0,0
item_073,0,0,1,1,0
item_074,0,0,0,1,0
item_075,0,0,0,0,0
item_076,0,1,0,1,0
item_077,1,1,0,1,0
item_078,0,0,0,1,1
item_079,0,0,0,0,0
item_080,0,1,0,1,0
item_081,0,0,0,1,0
item_082,0,1,1,0,0
item_083,1,0,1,1,0
item_084,0,0,0,1,0
item_085,0,0,0,0,0
item_086,0,1,1,1,0
item_087,0,1,0,1,1
item_088,0,0,0,1,0
item_089,0,0,0,1,0
item_090,0,1,0,0,0
item_091,0,0,0,1,0
item_092,0,0,0,1,0
item_093,0,1,0,1,0
item_094,0,0,0,1,0
item_095,0,0,0,1,0
item_096,0,1,1,1,0
item_097,0,0,0,0,0
item_098,0,0,0,1,0
item_099,0,0,0,1,0
item_100,0,0,0,0,0
item_101,0,0,0,0,0
item_102,0,0,1,0,0
item_103,0,0,0,1,0
item_104,0,0,1,0,0
item_105,0,0,0,0,0
item_106,0,0,0,1,0
item_107,0,0,0,1,0
item_108,0,0,0,1,0
item_109,0,0,0,0,1
item_110,1,0,0,0,1
item_111,0,0,0,1,0
item_112,0,0,0,1,0
item_113,0,0,0,1,0
item_114,0,0,0,0,1
item_115,0,0,0,0,0
item_116,0,0,0,0,0
item_117,1,0,1,0,0
item_118,0,0,0,0,0
item_119,0,0,1,0,0
item_120,0,0,0,1,0
item_121,0,0,1,0,0
item_122,0,0,0,1,0
item_123,0,0,1,0,1
item_124,1,0,0,0,0
item_125,0,1,1,1,0
item_126,0,0,0,1,1
item_127,0,0,0,1,0
item_128,0,0,1,1,0
item_129,0,0,0,1,1
item_130,0,0,0,1,0
item_131,0,0,0,0,0
item_132,0,0,0,1,0
item_133,0,0,1,0,0
item_134,0,1,1,0,0
item_135,0,0,0,1,0
item_136,0,1,0,1,0
item_137,0,0,0,1,0
item_138,0,0,0,1,1
item_139,0,0,0,0,0
item_140,0,0,0,1,1
item_141,1,1,0,0,1
item_142,0,1,0,0,0
item_143,1,0,0,1,0
item_144,0,0,0,0,0
item_145,0,0,0,0,0
item_146,0,0,0,0,0
item_147,0,0,1,1,0
item_148,0,0,0,1,0
item_149,0,0,0,1,0
item_150,0,0,0,0,0
item_151,0,0,0,0,0
item_152,0,0,0,1,0
item_153,0,0,0,1,0
item_154,0,0,0,0,0
item_155,0,0,0,0,1
item_156,0,0,0,0,1
item_157,0,0,0,0,0
item_158,0,0,0,0,0
item_159,0,0,1,1,0
item_160,0,0,1,1,0
item_161,0,0,0,0,0
item_162,0,0,0,1,1
item_163,0,0,0,0,0
item_164,0,0,1,0,0
item_165,0,0,1,0,0
item_166,0,0,0,1,1
item_167,0,0,0,1,1
item_168,0,0,0,0,0
item_169,0,0,0,0,0
item_170,0,0,0,0,0
item_171,1,0,0,0,1
item_172,1,0,0,1,0
item_173,0,0,0,0,1
item_174,0,0,0,1,0
item_175,0,0,0,1,0
item_176,0,1,0,0,0
item_177,0,0,0,1,1
item_178,0,0,1,1,0
item_179,0,0,0,0,0
item_180,0,0,1,0,1
item_181,0,1,0,1,1
item_182,0,0,0,0,0
item_183,1,1,0,1,0
item_184,0,0,0,0,0
item_185,0,1,0,0,0
item_186,0,0,0,0,0
item_187,0,0,0,1,0
item_188,0,0,0,0,0
item_189,0,0,0,1,1
item_190,0,0,1,1,0
item_191,0,0,0,1,1
item_192,0,0,0,0,0
item_193,0,0,0,0,0
item_194,0,0,0,1,0
item_195,0,0,0,1,0
item_196,0,0,0,1,0
item_197,0,0,0,0,0
item_198,0,0,0,1,0
item_199,0,0,0,1,0
item_200,0,0,0,0,1
item_201,0,0,0,1,0
item_202,0,0,0,1,0
item_203,0,0,1,0,1
item_204,0,0,0,1,0
item_205,0,0,0,0,0
item_206,0,0,0,1,1
item_207,0,0,0,1,0
item_208,1,0,0,0,0
item_209,0,0,0,0,1
item_210,0,0,1,1,0
item_211,0,0,0,1,0
item_212,0,0,0,0,1
item_213,0,0,0,1,1
item_214,0,1,0,0,0
item_215,0,0,0,0,0
item_216,0,0,0,0,1
item_217,0,0,0,1,0
item_218,0,0,1,0,0
item_219,0,0,0,1,0
item_220,0,0,0,1,0
item_221,0,0,0,1,0
item_222,0,0,0,1,0
item_223,0,0,0,0,0
item_224,0,0,0,1,0
item_225,0,0,0,1,0
item_226,0,0,1,0,0
item_227,1,1,0,1,0
item_228,0,0,0,0,1
item_229,0,0,0,1,0
item_230,0,0,0,1,0
item_231,0,0,0,0,0
item_232,0,1,0,1,0
item_233,0,0,0,1,1
item_234,0,0,0,1,0
item_235,0,0,0,0,0
item_236,0,1,1,1,0
item_237,0,0,0,1,0
item_238,0,1,0,1,1
item_239,0,0,0,1,0
item_240,0,1,0,1,0
item_241,0,0,0,1,0
item_242,0,0,0,0,0
item_243,0,0,1,0,0
item_244,0,0,0,0,1
item_245,0,0,0,0,1
item_246,0,0,0,1,0
item_247,0,0,0,1,0
item_248,1,0,0,1,0
item_249,0,1,0,0,0
item_250,0,0,0,1,0
item_251,0,0,0,1,1
item_252,0,1,0,1,0
item_253,0,0,0,1,0
item_254,0,0,1,0,0
item_255,0,0,0,1,1
item_256,0,0,0,0,1
item_257,0,0,0,1,1
item_258,0,0,0,0,1
item_259,0,0,0,0,0
item_260,0,0,0,1,1
item_261,0,1,0,1,0
item_262,0,0,0,0,0
item_263,0,0,0,1,1
item_264,0,1,0,0,0
item_265,0,1,0,0,0
item_266,0,0,0,0,0
item_267,0,0,0,0,1
item_268,0,0,0,0,1
item_269,0,0,0,1,0
item_270,0,0,0,1,0
item_271,0,0,0,0,1
item_272,0,0,0,0,0
item_273,0,0,0,1,0
item_274,0,0,0,1,0
item_275,0,0,0,0,1
item_276,0,0,0,1,1
item_277,0,0,0,1,0
item_278,0,0,1,0,0
item_279,0,0,0,1,0
item_280,0,0,0,1,0
item_281,0,0,0,1,0
item_282,0,0,0,0,0
item_283,0,0,1,1,1
item_284,0,0,0,1,0
item_285,0,0,0,1,0
item_286,0,0,0,1,0
item_287,0,0,0,1,0
item_288,0,1,1,1,0
item_289,0,0,0,1,1
item_290,0,0,1,0,0
item_291,1,0,0,0,1
item_292,0,0,0,1,0
item_293,0,0,0,0,0
item_294,0,0,1,0,0
item_295,0,0,0,1,1
item_296,0,0,0,0,1
item_297,0,0,0,1,0
item_298,0,0,0,0,0
item_299,0,0,1,0,0
item_300,1,0,0,1,0
item_301,0,1,1,0,0
item_302,0,0,0,1,0
item_303,0,0,1,1,0
item_304,0,0,0,0,0
item_305,0,0,0,1,1
item_306,0,0,0,1,0
item_307,0,0,0,1,1
item_308,0,0,0,0,0
item_309,0,0,0,0,0
item_310,0,0,0,1,0
item_311,0,0,0,0,1
item_312,0,0,0,1,0
item_313,0,0,0,1,0
item_314,0,0,0,0,0
item_315,0,1,0,1,0
item_316,0,1,1,0,1
item_317,0,0,0,1,0
item_318,0,0,0,0,0
item_319,0,0,0,1,0
item_320,0,0,0,1,0
item_321,0,0,0,0,0
item_322,1,1,1,0,0
item_323,0,0,0,0,0
item_324,0,1,0,1,0
item_325,0,0,1,1,1
item_326,0,1,0,0,0
item_327,0,1,1,0,0
item_328,1,1,1,1,0
item_329,0,0,0,1,0
item_330,0,0,0,1,1
item_331,0,0,0,1,0
item_332,0,0,0,0,1
item_333,0,0,0,0,0
item_334,0,0,1,1,1
item_335,0,0,1,1,0
item_336,0,0,0,1,0
item_337,0,0,0,0,0
item_338,0,0,0,1,0
item_339,1,0,1,1,0
item_340,0,0,0,0,0
item_341,0,0,0,1,0
item_342,0,0,0,0,0
item_343,1,0,0,1,1
item_344,0,0,1,0,0
item_345,0,0,0,1,0
item_346,0,0,0,1,0
item_347,0,0,0,1,0
item_348,0,0,0,1,0
item_349,0,0,0,1,0
item_350,0,0,0,0,0
item_351,0,1,0,1,0
item_352,1,0,0,1,1
item_353,0,0,0,0,0
item_354,0,0,0,1,1
item_355,1,0,0,0,0
item_356,1,0,0,0,1
item_357,0,0,0,1,1
item_358,0,0,0,1,0
item_359,0,0,0,0,0
item_360,0,0,1,0,0
item_361,0,0,0,1,0
item_362,0,0,0,1,0
item_363,0,0,0,0,0
item_364,0,0,0,0,1
item_365,0,0,0,1,0
item_366,0,0,0,0,0
item_367,0,0,0,1,1
item_368,0,0,0,0,1
item_369,0,0,0,1,1
item_370,0,0,1,1,1
item_371,0,0,0,1,0
item_372,0,0,0,1,0
item_373,0,0,0,1,0
item_374,0,0,0,0,0
item_375,0,0,0,1,0
item_376,0,0,0,1,0
item_377,1,0,0,0,0
item_378,0,0,0,1,1
item_379,0,1,1,0,0
item_380,0,1,0,0,0
item_381,0,0,0,1,0
item_382,0,0,0,1,0
item_383,0,1,0,0,0
item_384,0,0,0,1,0
item_385,0,0,1,1,0
item_386,0,0,0,1,0
item_387,0,0,0,1,1
item_388,0,0,0,1,0
item_389,0,0,0,0,0
item_390,0,0,0,0,0
item_391,0,0,1,0,1
item_392,0,0,0,1,0
item_393,0,1,0,1,0
item_394,0,0,0,1,0
item_395,1,1,1,1,0
item_396,0,0,0,0,0
item_397,0,0,0,1,1
item_398,0,0,0,0,0
item_399,0,0,0,1,0
item_400,0,1,0,1,0
item_401,0,0,1,1,0
item_402,0,0,1,0,1
item_403,0,0,1,1,1
item_404,1,0,0,1,0
item_405,0,1,0,1,0
item_406,0,0,0,0,0
item_407,0,0,0,0,0
item_408,0,0,0,1,0
item_409,0,0,0,0,0
item_410,0,0,0,0,0
item_411,0,1,0,1,0
item_412,0,0,0,1,0
item_413,0,0,0,1,0
item_414,0,0,1,1,0
item_415,0,0,0,1,0
item_416,0,0,0,1,1
item_417,0,0,0,1,1
item_418,0,0,0,0,0
item_419,0,0,0,0,1
item_420,0,0,1,0,0
item_421,0,0,0,0,1
item_422,0,0,0,1,1
item_423,0,0,0,0,0
item_424,0,0,1,1,0
item_425,0,1,0,0,0
item_426,0,0,0,1,0
item_427,0,0,0,1,0
item_428,0,0,0,0,0
item_429,0,0,0,1,1
item_430,0,0,1,0,0
item_431,0,0,0,0,1
item_432,0,0,0,1,0
item_433,0,0,0,0,0
item_434,0,0,0,1,1
item_435,0,0,0,0,0
item_436,0,0,0,1,0
item_437,0,0,0,0,0
item_438,0,0,0,1,1
item_439,1,0,1,1,0
item_440,1,0,0,0,0
item_441,0,0,1,0,0
item_442,0,0,0,0,0
item_443,0,0,0,1,0
item_444,0,0,0,0,0
item_445,0,1,0,0,0
item_446,0,0,1,1,0
item_447,0,0,0,1,0
item_448,0,0,0,0,0
item_449,0,0,0,1,0
item_450,0,0,0,0,0
item_451,1,0,0,1,0
item_452,0,0,1,1,0
item_453,0,0,0,1,1
item_454,0,0,0,0,0
item_455,0,1,0,0,0
item_456,1,1,1,1,0
item_457,0,0,0,1,1
item_458,0,0,0,1,0
item_459,0,1,0,1,1
item_460,0,0,1,1,0
item_461,0,0,1,1,0
item_462,0,0,0,1,1
item_463,0,1,1,1,0
item_464,0,0,0,1,0
item_465,0,0,0,1,1
item_466,0,0,0,1,0
item_467,1,0,0,1,0
item_468,1,0,1,1,0
item_469,0,0,0,0,0
item_470,0,0,0,1,0
item_471,0,0,0,1,0
item_472,0,0,0,0,1
item_473,0,0,0,1,0
item_474,0,0,0,0,0
item_475,0,0,0,1,0
item_476,0,0,0,1,1
item_477,0,0,0,1,0
item_478,0,0,0,0,0
item_479,0,1,0,0,0
item_480,0,0,0,1,0
item_481,0,0,0,1,0
item_482,0,0,1,0,0
item_483,0,0,0,0,0
item_484,0,0,0,1,0
item_485,0,0,1,0,0
item_486,0,0,0,0,0
item_487,0,0,0,0,0
item_488,0,1,0,0,0
item_489,0,0,0,1,1
item_490,0,0,0,0,0
item_491,0,0,1,1,0
item_492,0,0,1,1,1
item_493,0,1,1,1,0
item_494,0,0,0,1,0
item_495,0,0,1,0,0
item_496,0,0,0,1,0
item_497,0,0,0,1,0
item_498,0,0,0,0,0
item_499,0,0,0,0,0
