item_id,taxon_name,T,taxon_direction,S,F
item_000,Synthetic taxon 000,0.787521541,CRC_enriched,0.919109032,0.4
item_001,Synthetic taxon 001,0.905574977,CRC_enriched,0.910446243,0.4
item_002,Synthetic taxon 002,0.871709585,CRC_enriched,0.666636703,0.4
item_003,Synthetic taxon 003,0.923038244,CRC_enriched,0.753554953,0.4
item_004,Synthetic taxon 004,0.811361372,CRC_enriched,0.809979677,0.4
item_005,Synthetic taxon 005,0.85536319,CRC_enriched,0.92555523,0.4
item_006,Synthetic taxon 006,0.787071705,CRC_enriched,0.767720614,0.6
item_007,Synthetic taxon 007,0.814841986,CRC_enriched,0.892384107,0.4
item_008,Synthetic taxon 008,0.856152833,CRC_enriched,0.764797004,0.4
item_009,Synthetic taxon 009,0.851342201,CRC_enriched,0.70172847,0.4
item_010,Synthetic taxon 010,1,CRC_enriched,0.804415022,0.2
item_011,Synthetic taxon 011,0.786249459,CRC_enriched,0.83508623,0.4
item_012,Synthetic taxon 012,0.815297067,CRC_enriched,0.76645957,0.4
item_013,Synthetic taxon 013,0.662197053,CRC_enriched,0.686171664,0.6
item_014,Synthetic taxon 014,0.935757399,CRC_enriched,0.900600274,0.4
item_015,Synthetic taxon 015,0.79183352,CRC_enriched,0.778318646,0.6
item_016,Synthetic taxon 016,0.793051302,CRC_enriched,0.679857631,0.4
item_017,Synthetic taxon 017,0.884511292,CRC_enriched,0.631714926,0.4
item_018,Synthetic taxon 018,0.83182919,CRC_enriched,0.722849376,0.2
item_019,Synthetic taxon 019,0.853529811,CRC_enriched,0.711699981,0.4
item_020,Synthetic taxon 020,0.827740848,CRC_enriched,0.991723579,0.4
item_021,Synthetic taxon 021,0.709973454,CRC_enriched,0.718849533,0.4
item_022,Synthetic taxon 022,0.772970855,CRC_enriched,0.7653563,0.4
item_023,Synthetic taxon 023,0.875739992,CRC_enriched,0.829614964,0.2
item_024,Synthetic taxon 024,0.856408656,CRC_enriched,0.732020962,0.6
item_025,Synthetic taxon 025,0.890274465,CRC_enriched,0.878587332,0.6
item_026,Synthetic taxon 026,0.986722767,CRC_enriched,0.561706427,0.4
item_027,Synthetic taxon 027,0.93323952,CRC_enriched,0.832802352,0.4
item_028,Synthetic taxon 028,0.924702704,CRC_enriched,0.882337473,0.4
item_029,Synthetic taxon 029,0.879571736,CRC_enriched,0.813561831,0.4
item_030,Synthetic taxon 030,0.972850442,CRC_enriched,0.833177528,0.6
item_031,Synthetic taxon 031,0.906714559,CRC_enriched,0.681060689,0.4
item_032,Synthetic taxon 032,0.767103672,CRC_enriched,0.693058678,0.6
item_033,Synthetic taxon 033,0.705798686,CRC_enriched,0.644892153,0.4
item_034,Synthetic taxon 034,0.805758119,CRC_enriched,0.836493752,0.4
item_035,Synthetic taxon 035,0.724238157,CRC_enriched,0.659752044,0.2
item_036,Synthetic taxon 036,0.998045206,CRC_enriched,0.914063099,0.4
item_037,Synthetic taxon 037,0.846018553,CRC_enriched,0.819988005,0.8
item_038,Synthetic taxon 038,0.80531162,CRC_enriched,0.751752533,0.4
item_039,Synthetic taxon 039,0.830088973,CRC_enriched,0.800020263,0.6
item_040,Synthetic taxon 040,0.787844539,CRC_enriched,0.72744366,0.2
item_041,Synthetic taxon 041,0.755681336,CRC_enriched,0.794822,0.2
item_042,Synthetic taxon 042,0.802071929,CRC_enriched,0.850384902,0.4
item_043,Synthetic taxon 043,0.941961348,CRC_enriched,0.876067704,0.6
item_044,Synthetic taxon 044,0.920270801,CRC_enriched,0.853486128,0.8
item_045,Synthetic taxon 045,0.792718589,CRC_enriched,0.725850315,0.4
item_046,Synthetic taxon 046,0.736955166,CRC_enriched,0.857806628,0.6
item_047,Synthetic taxon 047,0.731063426,CRC_enriched,0.767356663,0.4
item_048,Synthetic taxon 048,0.809939027,CRC_enriched,0.752152238,0.4
item_049,Synthetic taxon 049,0.921380818,CRC_enriched,0.692259647,0.6
item_050,Synthetic taxon 050,0.740838408,healthy_enriched,0.70844969,0.2
item_051,Synthetic taxon 051,0.63924402,healthy_enriched,0.828468419,0.6
item_052,Synthetic taxon 052,0.773220241,healthy_enriched,0.828894541,0.4
item_053,Synthetic taxon 053,0.681847692,healthy_enriched,0.784596837,0.2
item_054,Synthetic taxon 054,0.709019363,healthy_enriched,0.7569584,0.6
item_055,Synthetic taxon 055,0.676422715,healthy_enriched,0.802250899,0.4
item_056,Synthetic taxon 056,0.682088733,healthy_enriched,0.905933036,0.2
item_057,Synthetic taxon 057,0.767509103,healthy_enriched,0.81288559,0.4
item_058,Synthetic taxon 058,0.691541314,healthy_enriched,0.598609185,0.4
item_059,Synthetic taxon 059,0.708627105,healthy_enriched,0.727075891,0.4
item_060,Synthetic taxon 060,0.721565962,healthy_enriched,0.73810259,0.4
item_061,Synthetic taxon 061,0.639555097,healthy_enriched,0.629409598,0.4
item_062,Synthetic taxon 062,0.651133955,healthy_enriched,0.574383958,0.4
item_063,Synthetic taxon 063,0.595162332,healthy_enriched,0.605399666,0.4
item_064,Synthetic taxon 064,0.651474535,healthy_enriched,0.670256099,0.2
item_065,Synthetic taxon 065,0.779744089,healthy_enriched,0.800307535,0.2
item_066,Synthetic taxon 066,0.675976813,healthy_enriched,0.801235817,0.4
item_067,Synthetic taxon 067,0.571419179,healthy_enriched,0.716093861,0.2
item_068,Synthetic taxon 068,0.700768232,healthy_enriched,0.656527679,0
item_069,Synthetic taxon 069,0.658337593,healthy_enriched,0.750276659,0
item_070,Synthetic taxon 070,0.670497119,healthy_enriched,0.732709628,0.2
item_071,Synthetic taxon 071,0.621475756,healthy_enriched,0.624131711,0.4
item_072,Synthetic taxon 072,0.718145847,healthy_enriched,0.701480648,0.6
item_073,Synthetic taxon 073,0.732416689,healthy_enriched,0.787898948,0.4
item_074,Synthetic taxon 074,0.670891047,healthy_enriched,0.778290128,0.2
item_075,Synthetic taxon 075,0.713466465,healthy_enriched,0.772781536,0.4
item_076,Synthetic taxon 076,0.578423917,healthy_enriched,0.710708944,0.4
item_077,Synthetic taxon 077,0.645816743,healthy_enriched,0.771077857,0.2
item_078,Synthetic taxon 078,0.755003273,healthy_enriched,0.806818641,0.4
item_079,Synthetic taxon 079,0.696807742,healthy_enriched,0.670534486,0.2
item_080,Synthetic taxon 080,0.652457178,healthy_enriched,0.768703952,0.2
item_081,Synthetic taxon 081,0.605272949,healthy_enriched,0.796689103,0.4
item_082,Synthetic taxon 082,0.730115652,healthy_enriched,1,0.2
item_083,Synthetic taxon 083,0.659737647,healthy_enriched,0.83954811,0.2
item_084,Synthetic taxon 084,0.689015031,healthy_enriched,0.822401587,0
item_085,Synthetic taxon 085,0.60024941,healthy_enriched,0.629573498,0.2
item_086,Synthetic taxon 086,0.640437841,healthy_enriched,0.66559765,0.2
item_087,Synthetic taxon 087,0.763848662,healthy_enriched,0.800838413,0.4
item_088,Synthetic taxon 088,0.654885113,healthy_enriched,0.813565397,0.2
item_089,Synthetic taxon 089,0.551030397,healthy_enriched,0.644599384,0.2
item_090,Synthetic taxon 090,0.647530675,healthy_enriched,0.770431813,0.2
item_091,Synthetic taxon 091,0.853630841,healthy_enriched,0.723564937,0.4
item_092,Synthetic taxon 092,0.55423671,healthy_enriched,0.562351102,0.4
item_093,Synthetic taxon 093,0.664413691,healthy_enriched,0.688443548,0.2
item_094,Synthetic taxon 094,0.72733748,healthy_enriched,0.77386991,0.4
item_095,Synthetic taxon 095,0.664806902,healthy_enriched,0.783944439,0.2
item_096,Synthetic taxon 096,0.614827573,healthy_enriched,0.67172412,0.2
item_097,Synthetic taxon 097,0.593851507,healthy_enriched,0.805539984,0.4
item_098,Synthetic taxon 098,0.630215168,healthy_enriched,0.714085029,0.4
item_099,Synthetic taxon 099,0.784434557,healthy_enriched,0.885115045,0.4
item_100,Synthetic taxon 100,0.651984215,healthy_enriched,0.754503681,0.2
item_101,Synthetic taxon 101,0.764760971,healthy_enriched,0.715465302,0.6
item_102,Synthetic taxon 102,0.747117817,healthy_enriched,0.867011027,0.2
item_103,Synthetic taxon 103,0.640665174,healthy_enriched,0.86251137,0.4
item_104,Synthetic taxon 104,0.696495831,healthy_enriched,0.736700632,0.2
item_105,Synthetic taxon 105,0.663698614,healthy_enriched,0.734941302,0.6
item_106,Synthetic taxon 106,0.788081169,healthy_enriched,0.935084392,0.4
item_107,Synthetic taxon 107,0.686120689,healthy_enriched,0.812267653,0.2
item_108,Synthetic taxon 108,0.737567604,healthy_enriched,0.716821408,0.2
item_109,Synthetic taxon 109,0.819618523,healthy_enriched,0.71055242,0.4
item_110,Synthetic taxon 110,0.616285086,healthy_enriched,0.784602943,0.4
item_111,Synthetic taxon 111,0.699809968,healthy_enriched,0.747060782,0.4
item_112,Synthetic taxon 112,0.731472135,healthy_enriched,0.726501834,0.4
item_113,Synthetic taxon 113,0.699267566,healthy_enriched,0.692290619,0.4
item_114,Synthetic taxon 114,0.513870776,healthy_enriched,0.603439521,0.4
item_115,Synthetic taxon 115,0.758585215,healthy_enriched,0.67388671,0.4
item_116,Synthetic taxon 116,0.673453152,healthy_enriched,0.722080062,0.2
item_117,Synthetic taxon 117,0.595968783,healthy_enriched,0.764701943,0.4
item_118,Synthetic taxon 118,0.727021277,healthy_enriched,0.642186551,0
item_119,Synthetic taxon 119,0.613429844,healthy_enriched,0.82639977,0
item_120,Synthetic taxon 120,0.68039608,healthy_enriched,0.855562298,0
item_121,Synthetic taxon 121,0.659027278,healthy_enriched,0.836902393,0.2
item_122,Synthetic taxon 122,0.664475262,healthy_enriched,0.731176333,0.4
item_123,Synthetic taxon 123,0.78217417,healthy_enriched,0.794204996,0.2
item_124,Synthetic taxon 124,0.687718272,healthy_enriched,0.770690502,0.4
item_125,Synthetic taxon 125,0.76444304,healthy_enriched,0.668989504,0.4
item_126,Synthetic taxon 126,0.769980252,healthy_enriched,0.725533882,0.2
item_127,Synthetic taxon 127,0.714769304,healthy_enriched,0.813339009,0.4
item_128,Synthetic taxon 128,0.697201014,healthy_enriched,0.653552894,0.2
item_129,Synthetic taxon 129,0.753740072,healthy_enriched,0.733072583,0.2
item_130,Synthetic taxon 130,0.734438241,healthy_enriched,0.765541683,0.4
item_131,Synthetic taxon 131,0.696466506,healthy_enriched,0.684487496,0.2
item_132,Synthetic taxon 132,0.619304836,healthy_enriched,0.791229702,0
item_133,Synthetic taxon 133,0.609788954,healthy_enriched,0.650623824,0.2
item_134,Synthetic taxon 134,0.682858884,healthy_enriched,0.834353273,0.4
item_135,Synthetic taxon 135,0.617016792,healthy_enriched,0.817083306,0.4
item_136,Synthetic taxon 136,0.711385608,healthy_enriched,0.762498581,0.2
item_137,Synthetic taxon 137,0.630391121,healthy_enriched,0.711501026,0
item_138,Synthetic taxon 138,0.603239655,healthy_enriched,0.674557009,0.2
item_139,Synthetic taxon 139,0.681350768,healthy_enriched,0.877937166,0.2
item_140,Synthetic taxon 140,0.651374459,healthy_enriched,0.87684823,0.2
item_141,Synthetic taxon 141,0.643178642,healthy_enriched,0.821568714,0.4
item_142,Synthetic taxon 142,0.678615153,healthy_enriched,0.601180653,0.2
item_143,Synthetic taxon 143,0.685743332,healthy_enriched,0.85980363,0.2
item_144,Synthetic taxon 144,0.710663497,healthy_enriched,0.856170284,0.2
item_145,Synthetic taxon 145,0.727257311,healthy_enriched,0.694729867,0.2
item_146,Synthetic taxon 146,0.771500885,healthy_enriched,0.613996078,0
item_147,Synthetic taxon 147,0.803218603,healthy_enriched,0.855579137,0.4
item_148,Synthetic taxon 148,0.717205465,healthy_enriched,0.703914551,0.4
item_149,Synthetic taxon 149,0.728511333,healthy_enriched,0.705738785,0.4
item_150,Synthetic taxon 150,0.0156444516,healthy_enriched,0.324602777,0.2
item_151,Synthetic taxon 151,0.0384252742,healthy_enriched,0.276937402,0.2
item_152,Synthetic taxon 152,0.0691647455,CRC_enriched,0.259940216,0.2
item_153,Synthetic taxon 153,0.120951839,CRC_enriched,0.331028346,0.2
item_154,Synthetic taxon 154,0.134675741,healthy_enriched,0.241020561,0.2
item_155,Synthetic taxon 155,0.0459041633,CRC_enriched,0.459880131,0
item_156,Synthetic taxon 156,0.0913071111,CRC_enriched,0.258112177,0.2
item_157,Synthetic taxon 157,0.151223227,CRC_enriched,0.474752258,0.2
item_158,Synthetic taxon 158,0.00110329397,CRC_enriched,0.400102859,0.4
item_159,Synthetic taxon 159,0.186667606,CRC_enriched,0.441713471,0
item_160,Synthetic taxon 160,0.118863732,CRC_enriched,0.454448809,0
item_161,Synthetic taxon 161,0.0852927268,CRC_enriched,0.336561597,0
item_162,Synthetic taxon 162,0.0810729265,CRC_enriched,0.326560944,0.2
item_163,Synthetic taxon 163,0.111027181,CRC_enriched,0.492090927,0.2
item_164,Synthetic taxon 164,0.000510449754,healthy_enriched,0.644165348,0
item_165,Synthetic taxon 165,0.238980442,CRC_enriched,0.477914958,0
item_166,Synthetic taxon 166,0.0147127006,CRC_enriched,0.302876193,0.2
item_167,Synthetic taxon 167,0.128726915,CRC_enriched,0.308720136,0.2
item_168,Synthetic taxon 168,0.0473225862,CRC_enriched,0.159321942,0
item_169,Synthetic taxon 169,0.0916523039,CRC_enriched,0.32381061,0.2
item_170,Synthetic taxon 170,0.0547967963,CRC_enriched,0.251350174,0
item_171,Synthetic taxon 171,0.186795637,CRC_enriched,0.403972226,0.4
item_172,Synthetic taxon 172,0.0420121513,CRC_enriched,0.309094719,0.4
item_173,Synthetic taxon 173,0.0343983434,healthy_enriched,0.214351803,0
item_174,Synthetic taxon 174,0.0479275882,CRC_enriched,0.304475762,0.2
item_175,Synthetic taxon 175,0.0625989139,healthy_enriched,0.52759059,0.2
item_176,Synthetic taxon 176,0.0661949366,CRC_enriched,0.410916267,0.2
item_177,Synthetic taxon 177,0.186559647,CRC_enriched,0.450469314,0.2
item_178,Synthetic taxon 178,0.0646104366,CRC_enriched,0.265991732,0.4
item_179,Synthetic taxon 179,0.0933455229,CRC_enriched,0.355576239,0
item_180,Synthetic taxon 180,0.00736429775,CRC_enriched,0.236149902,0.2
item_181,Synthetic taxon 181,0.0108504342,healthy_enriched,0.417015541,0
item_182,Synthetic taxon 182,0.129493117,CRC_enriched,0.443759634,0
item_183,Synthetic taxon 183,0.0942483693,CRC_enriched,0.249024642,0.2
item_184,Synthetic taxon 184,0.107909702,CRC_enriched,0.525385172,0.2
item_185,Synthetic taxon 185,0.105951868,CRC_enriched,0.480542096,0
item_186,Synthetic taxon 186,0.110362969,CRC_enriched,0.293323404,0.4
item_187,Synthetic taxon 187,0.0302573238,CRC_enriched,0.299040986,0.2
item_188,Synthetic taxon 188,0.0658777952,CRC_enriched,0.391598382,0.2
item_189,Synthetic taxon 189,0.177864879,CRC_enriched,0.219385849,0.2
item_190,Synthetic taxon 190,0.0232254639,CRC_enriched,0.388119341,0.2
item_191,Synthetic taxon 191,0.0364725925,CRC_enriched,0.249404578,0
item_192,Synthetic taxon 192,0.0836642832,CRC_enriched,0.260573092,0
item_193,Synthetic taxon 193,0.0815063193,CRC_enriched,0.47010236,0.4
item_194,Synthetic taxon 194,0.000460629846,healthy_enriched,0.43563735,0
item_195,Synthetic taxon 195,0.0970385671,CRC_enriched,0.307888881,0
item_196,Synthetic taxon 196,0.00892259832,CRC_enriched,0.277598521,0.2
item_197,Synthetic taxon 197,0.151627138,CRC_enriched,0.694099185,0.2
item_198,Synthetic taxon 198,0.0975849256,CRC_enriched,0.295541901,0.2
item_199,Synthetic taxon 199,0.0249953885,CRC_enriched,0.284288432,0.2
item_200,Synthetic taxon 200,0.0943133309,CRC_enriched,0.368524665,0
item_201,Synthetic taxon 201,0.0339833237,CRC_enriched,0.423732076,0
item_202,Synthetic taxon 202,0.0105828643,CRC_enriched,0.269301678,0.4
item_203,Synthetic taxon 203,0.0369459763,CRC_enriched,0.293389123,0.4
item_204,Synthetic taxon 204,0.0522996448,CRC_enriched,0.221095595,0
item_205,Synthetic taxon 205,0.0217515044,CRC_enriched,0.189496867,0.2
item_206,Synthetic taxon 206,0.148354292,CRC_enriched,0.390668984,0.4
item_207,Synthetic taxon 207,0.0336390473,healthy_enriched,0.226506795,0.2
item_208,Synthetic taxon 208,0.0178002771,CRC_enriched,0.177988874,0
item_209,Synthetic taxon 209,0.0682674572,CRC_enriched,0.3901092,0.4
item_210,Synthetic taxon 210,0.162731782,CRC_enriched,0.300657821,0
item_211,Synthetic taxon 211,0.139473692,CRC_enriched,0.349147581,0.4
item_212,Synthetic taxon 212,0.0846778303,CRC_enriched,0.289343383,0
item_213,Synthetic taxon 213,0.102282472,CRC_enriched,0.479731183,0
item_214,Synthetic taxon 214,0.158506826,CRC_enriched,0.357558206,0.4
item_215,Synthetic taxon 215,0.0673386902,CRC_enriched,0.43637252,0.2
item_216,Synthetic taxon 216,0.0630836114,CRC_enriched,0.346422183,0.2
item_217,Synthetic taxon 217,0.123308666,CRC_enriched,0.256179796,0
item_218,Synthetic taxon 218,0.0742572471,CRC_enriched,0.155469347,0
item_219,Synthetic taxon 219,0.151699468,CRC_enriched,0.404840917,0
item_220,Synthetic taxon 220,0.0697678626,healthy_enriched,0.261769289,0
item_221,Synthetic taxon 221,0.0704120323,CRC_enriched,0.215514451,0.4
item_222,Synthetic taxon 222,0.0575427338,CRC_enriched,0.38347865,0.2
item_223,Synthetic taxon 223,0.114556827,CRC_enriched,0.40694073,0
item_224,Synthetic taxon 224,0.047366973,CRC_enriched,0.303014661,0
item_225,Synthetic taxon 225,0.0924812108,CRC_enriched,0.428788589,0
item_226,Synthetic taxon 226,0.0164800826,CRC_enriched,0.389399619,0.2
item_227,Synthetic taxon 227,0.0509563275,CRC_enriched,0.284869385,0
item_228,Synthetic taxon 228,0.124352939,CRC_enriched,0.581050992,0
item_229,Synthetic taxon 229,0.121113479,CRC_enriched,0.491192447,0.2
item_230,Synthetic taxon 230,0.0815219954,CRC_enriched,0.478496043,0
item_231,Synthetic taxon 231,0.0365378335,healthy_enriched,0.313416996,0
item_232,Synthetic taxon 232,0.0513567105,CRC_enriched,0.389589435,0
item_233,Synthetic taxon 233,0.0654257759,CRC_enriched,0.430365345,0.4
item_234,Synthetic taxon 234,0.118068531,CRC_enriched,0.488049429,0.4
item_235,Synthetic taxon 235,0.0599583983,CRC_enriched,0.295816232,0.4
item_236,Synthetic taxon 236,0.0735471994,CRC_enriched,0.339036967,0.2
item_237,Synthetic taxon 237,0.0927427784,CRC_enriched,0.225851229,0
item_238,Synthetic taxon 238,0.095155932,CRC_enriched,0.432278051,0.2
item_239,Synthetic taxon 239,0.083975859,CRC_enriched,0.497043791,0
item_240,Synthetic taxon 240,0.054319296,CRC_enriched,0.300997263,0
item_241,Synthetic taxon 241,0.0855454057,CRC_enriched,0.290535138,0.2
item_242,Synthetic taxon 242,0.000898422964,CRC_enriched,0.35837323,0
item_243,Synthetic taxon 243,0.215197876,CRC_enriched,0.42840698,0
item_244,Synthetic taxon 244,0.0256860815,CRC_enriched,0.40646215,0
item_245,Synthetic taxon 245,0.140536174,CRC_enriched,0.403636924,0
item_246,Synthetic taxon 246,0.0717776492,CRC_enriched,0.319163173,0
item_247,Synthetic taxon 247,0.0541397147,CRC_enriched,0.316235021,0
item_248,Synthetic taxon 248,0.0862808973,CRC_enriched,0.383974751,0.2
item_249,Synthetic taxon 249,0.169173598,CRC_enriched,0.353030781,0.2
item_250,Synthetic taxon 250,0.0613378063,CRC_enriched,0.380684942,0.2
item_251,Synthetic taxon 251,0.00966914278,healthy_enriched,0.396110927,0
item_252,Synthetic taxon 252,0.126190215,CRC_enriched,0.411487067,0.2
item_253,Synthetic taxon 253,0.0346903838,healthy_enriched,0.270362649,0
item_254,Synthetic taxon 254,0.0284196418,CRC_enriched,0.170271399,0.4
item_255,Synthetic taxon 255,0.0422905572,CRC_enriched,0.342217721,0
item_256,Synthetic taxon 256,0.084235765,CRC_enriched,0.360867661,0.4
item_257,Synthetic taxon 257,0.0968959555,CRC_enriched,0.218781567,0.2
item_258,Synthetic taxon 258,0.155488923,CRC_enriched,0.381387681,0.2
item_259,Synthetic taxon 259,0.0294090044,CRC_enriched,0.441038071,0.2
item_260,Synthetic taxon 260,0.0411884896,CRC_enriched,0.21971344,0.2
item_261,Synthetic taxon 261,0.0483399369,CRC_enriched,0.273985731,0
item_262,Synthetic taxon 262,0.0694842115,CRC_enriched,0.29812973,0
item_263,Synthetic taxon 263,0.150008395,CRC_enriched,0.445651906,0
item_264,Synthetic taxon 264,0.0703460351,CRC_enriched,0.26965873,0.4
item_265,Synthetic taxon 265,0.0501151718,CRC_enriched,0.280518393,0
item_266,Synthetic taxon 266,0.0201695804,CRC_enriched,0.221703538,0.2
item_267,Synthetic taxon 267,0.109696217,CRC_enriched,0.29704525,0.2
item_268,Synthetic taxon 268,0.120234817,CRC_enriched,0.429450785,0.2
item_269,Synthetic taxon 269,0.073276706,CRC_enriched,0.41789013,0.4
item_270,Synthetic taxon 270,0.094439894,CRC_enriched,0.286667081,0.2
item_271,Synthetic taxon 271,0.143450513,CRC_enriched,0.42892723,0.2
item_272,Synthetic taxon 272,0.0114418017,healthy_enriched,0.319824781,0
item_273,Synthetic taxon 273,0.0392846204,CRC_enriched,0.346088894,0
item_274,Synthetic taxon 274,0.0468154028,CRC_enriched,0.259635679,0
item_275,Synthetic taxon 275,0.0256018024,CRC_enriched,0.240455819,0.4
item_276,Synthetic taxon 276,0.0945503414,CRC_enriched,0.389067733,0.4
item_277,Synthetic taxon 277,0.143332303,CRC_enriched,0.312506953,0.2
item_278,Synthetic taxon 278,0.0701247677,CRC_enriched,0.352237355,0
item_279,Synthetic taxon 279,0.04021791,CRC_enriched,0.41542233,0
item_280,Synthetic taxon 280,0.00512617175,healthy_enriched,0.344302448,0.2
item_281,Synthetic taxon 281,0.0351612233,CRC_enriched,0.221511112,0.4
item_282,Synthetic taxon 282,0.134697914,CRC_enriched,0.366775572,0
item_283,Synthetic taxon 283,0.0990605801,CRC_enriched,0.259086897,0
item_284,Synthetic taxon 284,0.132616192,CRC_enriched,0.308785854,0
item_285,Synthetic taxon 285,0.175407901,CRC_enriched,0.528202383,0.2
item_286,Synthetic taxon 286,0.146323919,CRC_enriched,0.182415992,0.2
item_287,Synthetic taxon 287,0.0426896177,CRC_enriched,0.187264221,0.2
item_288,Synthetic taxon 288,0.0551917106,CRC_enriched,0.245835968,0.2
item_289,Synthetic taxon 289,0.156465247,CRC_enriched,0.354285503,0
item_290,Synthetic taxon 290,0.10677553,CRC_enriched,0.507224187,0.2
item_291,Synthetic taxon 291,0.0123341931,CRC_enriched,0.333066591,0.4
item_292,Synthetic taxon 292,0.168840662,CRC_enriched,0.241332886,0.2
item_293,Synthetic taxon 293,0.152847469,CRC_enriched,0.331721274,0.2
item_294,Synthetic taxon 294,0.0360420868,healthy_enriched,0.257828659,0
item_295,Synthetic taxon 295,0.100293763,CRC_enriched,0.185842202,0
item_296,Synthetic taxon 296,0.0531275459,CRC_enriched,0.314656315,0.2
item_297,Synthetic taxon 297,0.128815249,CRC_enriched,0.358930981,0
item_298,Synthetic taxon 298,0.0438329019,CRC_enriched,0.234689432,0.2
item_299,Synthetic taxon 299,0.0698129088,healthy_enriched,0.446329727,0.2
item_300,Synthetic taxon 300,0.101323768,CRC_enriched,0.450332017,0
item_301,Synthetic taxon 301,0.0686391518,CRC_enriched,0.323120811,0
item_302,Synthetic taxon 302,0.0215170421,CRC_enriched,0.36606959,0
item_303,Synthetic taxon 303,0.0371133387,CRC_enriched,0.113634877,0
item_304,Synthetic taxon 304,0.0563876703,CRC_enriched,0.228296406,0.2
item_305,Synthetic taxon 305,0.0306958407,CRC_enriched,0.267818054,0.2
item_306,Synthetic taxon 306,0.112823777,CRC_enriched,0.477022153,0.2
item_307,Synthetic taxon 307,0.15767619,CRC_enriched,0.398075305,0.4
item_308,Synthetic taxon 308,0.00260012108,healthy_enriched,0.279645847,0
item_309,Synthetic taxon 309,0.0627434105,CRC_enriched,0.302373041,0
item_310,Synthetic taxon 310,0.205118239,CRC_enriched,0.591155261,0.2
item_311,Synthetic taxon 311,0.128268644,CRC_enriched,0.301140282,0
item_312,Synthetic taxon 312,0.0800532177,CRC_enriched,0.424337126,0
item_313,Synthetic taxon 313,0.0077204816,healthy_enriched,0.363785785,0.6
item_314,Synthetic taxon 314,0.120917626,CRC_enriched,0.241599648,0.2
item_315,Synthetic taxon 315,0.0581962019,CRC_enriched,0.196798008,0.4
item_316,Synthetic taxon 316,0.0866274685,CRC_enriched,0.360956652,0.2
item_317,Synthetic taxon 317,0.169985667,CRC_enriched,0.407349892,0.2
item_318,Synthetic taxon 318,0.0701755583,CRC_enriched,0.357751235,0
item_319,Synthetic taxon 319,0.0469363704,CRC_enriched,0.260932694,0.2
item_320,Synthetic taxon 320,0.00599252293,healthy_enriched,0.311280453,0
item_321,Synthetic taxon 321,0.0298592672,CRC_enriched,0.351091749,0.2
item_322,Synthetic taxon 322,0.136418059,CRC_enriched,0.553993574,0.2
item_323,Synthetic taxon 323,0.151287571,CRC_enriched,0.4607791,0
item_324,Synthetic taxon 324,0.0831458196,CRC_enriched,0.384187733,0.2
item_325,Synthetic taxon 325,0.141680896,CRC_enriched,0.24396703,0
item_326,Synthetic taxon 326,0.118926622,CRC_enriched,0.475550964,0
item_327,Synthetic taxon 327,0.0294418614,CRC_enriched,0.258960649,0
item_328,Synthetic taxon 328,0.128291503,CRC_enriched,0.247898332,0.2
item_329,Synthetic taxon 329,0.171330422,CRC_enriched,0.454864694,0.2
item_330,Synthetic taxon 330,0.0749869794,CRC_enriched,0.511116539,0.4
item_331,Synthetic taxon 331,0.113387316,CRC_enriched,0.358564766,0.4
item_332,Synthetic taxon 332,0.0614093952,CRC_enriched,0.147470228,0
item_333,Synthetic taxon 333,0.0335524119,healthy_enriched,0.286268315,0.2
item_334,Synthetic taxon 334,0.0757526904,CRC_enriched,0.321991752,0.2
item_335,Synthetic taxon 335,0.0526978262,CRC_enriched,0.231857301,0
item_336,Synthetic taxon 336,0.144892648,CRC_enriched,0.309744174,0
item_337,Synthetic taxon 337,0.0111820223,CRC_enriched,0.322697314,0
item_338,Synthetic taxon 338,0.0401479863,CRC_enriched,0.328651968,0.2
item_339,Synthetic taxon 339,0.131119654,CRC_enriched,0.331593215,0
item_340,Synthetic taxon 340,0.0884055272,CRC_enriched,0.433568777,0
item_341,Synthetic taxon 341,0.115217209,CRC_enriched,0.217617907,0
item_342,Synthetic taxon 342,0.134209961,CRC_enriched,0.246340159,0.2
item_343,Synthetic taxon 343,0.156434253,CRC_enriched,0.49350874,0
item_344,Synthetic taxon 344,0.0517934337,CRC_enriched,0.299969574,0.2
item_345,Synthetic taxon 345,0.062966004,CRC_enriched,0.274757772,0
item_346,Synthetic taxon 346,0.0558742359,CRC_enriched,0.443556592,0.2
item_347,Synthetic taxon 347,0.103163309,CRC_enriched,0.356052339,0
item_348,Synthetic taxon 348,0.0561180599,CRC_enriched,0.183158766,0.4
item_349,Synthetic taxon 349,0.0653424039,CRC_enriched,0.331374712,0.2
item_350,Synthetic taxon 350,0.0785903484,CRC_enriched,0.27528999,0.2
item_351,Synthetic taxon 351,0.0432464965,CRC_enriched,0.207545454,0
item_352,Synthetic taxon 352,0.0281897038,CRC_enriched,0.193333986,0.2
item_353,Synthetic taxon 353,0.12827687,CRC_enriched,0.500931896,0
item_354,Synthetic taxon 354,0.146043316,CRC_enriched,0.230254196,0
item_355,Synthetic taxon 355,0.0378760286,CRC_enriched,0.422174573,0.4
item_356,Synthetic taxon 356,0.0583725832,CRC_enriched,0.311984778,0.4
item_357,Synthetic taxon 357,0.109200746,CRC_enriched,0.235576942,0.2
item_358,Synthetic taxon 358,0.0341937877,CRC_enriched,0.226777972,0.2
item_359,Synthetic taxon 359,0.121061713,CRC_enriched,0.423546362,0
item_360,Synthetic taxon 360,0.123757675,CRC_enriched,0.302943683,0
item_361,Synthetic taxon 361,0.0245936885,CRC_enriched,0.387840911,0.2
item_362,Synthetic taxon 362,0.00861544907,healthy_enriched,0.238804055,0.2
item_363,Synthetic taxon 363,0.0484581105,healthy_enriched,0.351222294,0.2
item_364,Synthetic taxon 364,0.093490392,CRC_enriched,0.458919887,0.2
item_365,Synthetic taxon 365,0.0189099479,CRC_enriched,0.311408475,0.2
item_366,Synthetic taxon 366,0.0928075537,CRC_enriched,0.275642105,0.2
item_367,Synthetic taxon 367,0.0593360923,CRC_enriched,0.228112406,0
item_368,Synthetic taxon 368,0.0577694662,CRC_enriched,0.257200049,0
item_369,Synthetic taxon 369,0.129508764,CRC_enriched,0.411715104,0.2
item_370,Synthetic taxon 370,0.0390836112,CRC_enriched,0.219624352,0
item_371,Synthetic taxon 371,0.0576349907,CRC_enriched,0.256821822,0.2
item_372,Synthetic taxon 372,0.138047561,CRC_enriched,0.333678304,0
item_373,Synthetic taxon 373,0.0430910662,CRC_enriched,0.346436887,0.2
item_374,Synthetic taxon 374,0.0905095562,CRC_enriched,0.262254046,0.2
item_375,Synthetic taxon 375,0.0105325729,healthy_enriched,0.268366521,0
item_376,Synthetic taxon 376,0.107395925,healthy_enriched,0.246904188,0
item_377,Synthetic taxon 377,0.00269438932,healthy_enriched,0.313491625,0.2
item_378,Synthetic taxon 378,0.103060558,CRC_enriched,0.279606552,0
item_379,Synthetic taxon 379,0.00224183244,CRC_enriched,0.316668483,0
item_380,Synthetic taxon 380,0.103135504,CRC_enriched,0.379935639,0.2
item_381,Synthetic taxon 381,0.0702878311,CRC_enriched,0.24780283,0
item_382,Synthetic taxon 382,0.0612781234,CRC_enriched,0.509189001,0
item_383,Synthetic taxon 383,0.0471369699,CRC_enriched,0.29503148,0
item_384,Synthetic taxon 384,0.0601128228,CRC_enriched,0.199361396,0
item_385,Synthetic taxon 385,0.0755880252,CRC_enriched,0.501065334,0.2
item_386,Synthetic taxon 386,0.15483138,CRC_enriched,0.400494363,0.4
item_387,Synthetic taxon 387,0.153728619,CRC_enriched,0.355787054,0.2
item_388,Synthetic taxon 388,0.0751490071,CRC_enriched,0.321818982,0.2
item_389,Synthetic taxon 389,0.0870796815,CRC_enriched,0.389506559,0.4
item_390,Synthetic taxon 390,0.0498462804,CRC_enriched,0.402090679,0.2
item_391,Synthetic taxon 391,0.0345190316,CRC_enriched,0.503827412,0
item_392,Synthetic taxon 392,0.0368651524,CRC_enriched,0.440756686,0
item_393,Synthetic taxon 393,0.278083473,CRC_enriched,0.585851601,0
item_394,Synthetic taxon 394,0.203511983,CRC_enriched,0.467429041,0.2
item_395,Synthetic taxon 395,0.0474405698,CRC_enriched,0.226646582,0.2
item_396,Synthetic taxon 396,0.041062966,CRC_enriched,0.376310618,0.2
item_397,Synthetic taxon 397,0.0357807986,CRC_enriched,0.264736962,0
item_398,Synthetic taxon 398,0.0857710093,CRC_enriched,0.293914854,0
item_399,Synthetic taxon 399,0.0545905121,CRC_enriched,0.34847927,0
item_400,Synthetic taxon 400,0.155469134,CRC_enriched,0.337127121,0.2
item_401,Synthetic taxon 401,0.00513481023,CRC_enriched,0.222408767,0
item_402,Synthetic taxon 402,0.0282181334,CRC_enriched,0.112466813,0.2
item_403,Synthetic taxon 403,0.0130470013,healthy_enriched,0.190965257,0.2
item_404,Synthetic taxon 404,0.128531054,CRC_enriched,0.332661261,0.2
item_405,Synthetic taxon 405,0.201244548,CRC_enriched,0.365672986,0.6
item_406,Synthetic taxon 406,0.0850877315,healthy_enriched,0.351589641,0.2
item_407,Synthetic taxon 407,0.0732915327,CRC_enriched,0.353545127,0.2
item_408,Synthetic taxon 408,0.00457680225,CRC_enriched,0.29673269,0
item_409,Synthetic taxon 409,0.0881844163,CRC_enriched,0.447310475,0
item_410,Synthetic taxon 410,0.121671364,CRC_enriched,0.565772124,0.2
item_411,Synthetic taxon 411,0.113991342,CRC_enriched,0.348300995,0.2
item_412,Synthetic taxon 412,0.107553296,CRC_enriched,0.475465612,0
item_413,Synthetic taxon 413,0.0585168265,CRC_enriched,0.368125567,0.2
item_414,Synthetic taxon 414,0.0898520052,CRC_enriched,0.444551548,0.2
item_415,Synthetic taxon 415,0.190795645,CRC_enriched,0.370298934,0
item_416,Synthetic taxon 416,0.149861887,CRC_enriched,0.278144841,0
item_417,Synthetic taxon 417,0.113557413,CRC_enriched,0.483757395,0
item_418,Synthetic taxon 418,0.134636164,CRC_enriched,0.438632544,0.2
item_419,Synthetic taxon 419,0.0658846423,CRC_enriched,0.223215766,0.4
item_420,Synthetic taxon 420,0.0401374958,CRC_enriched,0.338055754,0.2
item_421,Synthetic taxon 421,0.0567871407,CRC_enriched,0.305810216,0
item_422,Synthetic taxon 422,0.108080178,CRC_enriched,0.36235507,0
item_423,Synthetic taxon 423,0.106939629,CRC_enriched,0.264499098,0
item_424,Synthetic taxon 424,0.124348827,CRC_enriched,0.21173869,0
item_425,Synthetic taxon 425,0.062353272,CRC_enriched,0.233742615,0.2
item_426,Synthetic taxon 426,0.0532472879,CRC_enriched,0.29975032,0
item_427,Synthetic taxon 427,0.140612572,CRC_enriched,0.494519601,0.2
item_428,Synthetic taxon 428,0.0200863387,CRC_enriched,0.263931618,0.2
item_429,Synthetic taxon 429,0.0609277822,CRC_enriched,0.176627104,0.2
item_430,Synthetic taxon 430,0.0420249328,CRC_enriched,0.201039186,0.2
item_431,Synthetic taxon 431,0.0460343994,CRC_enriched,0.403317241,0.2
item_432,Synthetic taxon 432,0.0509019233,CRC_enriched,0.276989062,0.4
item_433,Synthetic taxon 433,0.121829875,CRC_enriched,0.53876242,0
item_434,Synthetic taxon 434,0.145596355,CRC_enriched,0.435635582,0.4
item_435,Synthetic taxon 435,0.0332300588,CRC_enriched,0.216574951,0.4
item_436,Synthetic taxon 436,0.0754908994,CRC_enriched,0.290011079,0.2
item_437,Synthetic taxon 437,0.0686554238,CRC_enriched,0.288420219,0
item_438,Synthetic taxon 438,0.0573677346,CRC_enriched,0.365654425,0
item_439,Synthetic taxon 439,0.00428912835,CRC_enriched,0.265291297,0.2
item_440,Synthetic taxon 440,0.100654595,CRC_enriched,0.522972016,0
item_441,Synthetic taxon 441,0.0209159367,CRC_enriched,0.316681745,0.2
item_442,Synthetic taxon 442,0.0316242948,CRC_enriched,0.33689648,0
item_443,Synthetic taxon 443,0.0602360219,CRC_enriched,0.346075676,0.2
item_444,Synthetic taxon 444,0.111319944,CRC_enriched,0.503690622,0
item_445,Synthetic taxon 445,0.0429636575,CRC_enriched,0.295114501,0.2
item_446,Synthetic taxon 446,0.0769839212,CRC_enriched,0.319928973,0
item_447,Synthetic taxon 447,0.0718245804,CRC_enriched,0.341001773,0
item_448,Synthetic taxon 448,0.0709656477,healthy_enriched,0.285911683,0
item_449,Synthetic taxon 449,0.140919715,CRC_enriched,0.438706159,0.2
item_450,Synthetic taxon 450,0.048974935,CRC_enriched,0.30096952,0.2
item_451,Synthetic taxon 451,0.189423874,CRC_enriched,0.344395936,0.2
item_452,Synthetic taxon 452,0.0620733276,CRC_enriched,0.181753524,0.4
item_453,Synthetic taxon 453,0.102701515,CRC_enriched,0.325123659,0
item_454,Synthetic taxon 454,0.157328561,CRC_enriched,0.236273516,0.4
item_455,Synthetic taxon 455,0.126638249,CRC_enriched,0.370162842,0.4
item_456,Synthetic taxon 456,0.011481381,CRC_enriched,0.185513109,0.4
item_457,Synthetic taxon 457,0.0235011056,CRC_enriched,0.260662795,0
item_458,Synthetic taxon 458,0.108527705,CRC_enriched,0.458470208,0.2
item_459,Synthetic taxon 459,0.0661012903,CRC_enriched,0.254553187,0.2
item_460,Synthetic taxon 460,0.108671263,CRC_enriched,0.394276618,0.4
item_461,Synthetic taxon 461,0.151745424,CRC_enriched,0.52117906,0
item_462,Synthetic taxon 462,0.0440986492,CRC_enriched,0.250770743,0
item_463,Synthetic taxon 463,0.0516491272,CRC_enriched,0.537631048,0
item_464,Synthetic taxon 464,0.080775544,CRC_enriched,0.421744906,0.2
item_465,Synthetic taxon 465,0.0645528212,CRC_enriched,0.300457482,0
item_466,Synthetic taxon 466,0.0483901314,CRC_enriched,0.331920317,0
item_467,Synthetic taxon 467,0.068904303,CRC_enriched,0.44621996,0
item_468,Synthetic taxon 468,0.0404535048,CRC_enriched,0.379274475,0
item_469,Synthetic taxon 469,0.114207268,CRC_enriched,0.384243755,0.4
item_470,Synthetic taxon 470,0.136723727,CRC_enriched,0.538651662,0.2
item_471,Synthetic taxon 471,0.151241004,CRC_enriched,0.239194617,0
item_472,Synthetic taxon 472,0.115964755,CRC_enriched,0.256528461,0.2
item_473,Synthetic taxon 473,0.095071815,CRC_enriched,0.336112542,0
item_474,Synthetic taxon 474,0.119606413,CRC_enriched,0.384805899,0
item_475,Synthetic taxon 475,0.0413685106,CRC_enriched,0.485078983,0.2
item_476,Synthetic taxon 476,0.121819884,CRC_enriched,0.445871931,0.2
item_477,Synthetic taxon 477,0.0551110432,CRC_enriched,0.380335885,0
item_478,Synthetic taxon 478,0.0314408764,healthy_enriched,0.296075986,0
item_479,Synthetic taxon 479,0.199245125,CRC_enriched,0.545965924,0
item_480,Synthetic taxon 480,0.100844391,CRC_enriched,0.414787911,0.2
item_481,Synthetic taxon 481,0.121504851,CRC_enriched,0.32213408,0.2
item_482,Synthetic taxon 482,0.0777025148,healthy_enriched,0.236695451,0.2
item_483,Synthetic taxon 483,0.0428910032,CRC_enriched,0.160817323,0
item_484,Synthetic taxon 484,0.063009195,CRC_enriched,0.282739019,0
item_485,Synthetic taxon 485,0.022788424,CRC_enriched,0.381187529,0.2
item_486,Synthetic taxon 486,0.00768024242,healthy_enriched,0.396640798,0.2
item_487,Synthetic taxon 487,0.0020649184,CRC_enriched,0.307470126,0
item_488,Synthetic taxon 488,0.099673152,CRC_enriched,0.340277428,0.2
item_489,Synthetic taxon 489,0.0729671121,CRC_enriched,0.326995542,0.2
item_490,Synthetic taxon 490,0.193894386,CRC_enriched,0.515310072,0.2
item_491,Synthetic taxon 491,0.0940088853,CRC_enriched,0.283095469,0.2
item_492,Synthetic taxon 492,0.15654774,CRC_enriched,0.259310965,0
item_493,Synthetic taxon 493,0.147605762,CRC_enriched,0.305905219,0.2
item_494,Synthetic taxon 494,0.163333386,CRC_enriched,0.558323873,0.4
item_495,Synthetic taxon 495,0.089152731,CRC_enriched,0.134309038,0.2
item_496,Synthetic taxon 496,0.0459676795,CRC_enriched,0.297957576,0
item_497,Synthetic taxon 497,0.0248050932,CRC_enriched,0.441050962,0
item_498,Synthetic taxon 498,0.118486598,CRC_enriched,0.458251924,0
item_499,Synthetic taxon 499,0.0830022991,CRC_enriched,0.465064177,0.2
